"人口增加","區域別總計","新北市_統計","臺北市_統計","桃園市_統計","臺中市_統計","臺南市_統計","高雄市_統計","宜蘭縣_統計","新竹縣_統計","苗栗縣_統計","彰化縣_統計","南投縣_統計","雲林縣_統計","嘉義縣_統計","屏東縣_統計","臺東縣_統計","花蓮縣_統計","澎湖縣_統計","基隆市_統計","新竹市_統計","嘉義市_統計","金門縣_統計","連江縣_統計"
"109年 (1~10月)/ 人口數(人)",23566471,4029920,2608332,2265940,2817547,1875909,2767383,453309,569565,543287,1267786,491546,677669,500117,813676,215468,324602,105912,367890,450793,266251,140420,13149
"109年 (1~10月)/ 總增加率(o/oo)",-1.55,2.79,-13.98,7.49,0.81,-2.66,-2.10,-1.92,9.94,-3.99,-3.95,-5.21,-5.35,-5.97,-6.75,-6.08,-5.05,6.68,-2.72,4.42,-5.39,1.67,4.57
"109年 (1~10月)/ 自然增加率(o/oo)",-0.46,0.23,0.37,2.83,0.42,-2.16,-1.04,-2.04,0.35,-3.37,0.85,-2.86,-4.03,-4.25,-4.14,-3.70,-2.76,0.14,-2.31,1.67,-2.19,1.40,2.74
"109年 (1~10月)/ 社會增加率(o/oo)",-1.10,2.56,-14.34,4.66,0.39,-0.50,-1.06,0.13,9.59,-0.62,-4.80,-2.35,-1.33,-1.72,-2.61,-2.38,-2.29,6.54,-0.41,2.75,-3.20,0.28,1.83
"109年 1月/ 人口數(人)",23604265,4020572,2642877,2250954,2815704,1880216,2774571,454161,564296,545433,1272449,493984,680963,502718,818493,216633,326063,105147,368932,449113,267653,140253,13080
"109年 1月/ 總增加率(o/oo)",0.05,0.47,-0.82,0.85,0.16,-0.37,0.49,-0.04,0.64,-0.05,-0.28,-0.26,-0.50,-0.79,-0.84,-0.68,-0.56,-0.57,0.11,0.69,-0.14,0.48,-0.69
"109年 1月/ 自然增加率(o/oo)",-0.09,-0.01,0.01,0.20,-0.04,-0.24,-0.17,-0.25,-0.03,-0.30,0.05,-0.28,-0.43,-0.55,-0.43,-0.35,-0.40,-0.09,-0.23,0.17,-0.22,0.01,0.08
"109年 1月/ 社會增加率(o/oo)",0.14,0.48,-0.83,0.65,0.19,-0.13,0.66,0.21,0.67,0.25,-0.33,0.02,-0.07,-0.24,-0.42,-0.34,-0.17,-0.48,0.33,0.52,0.08,0.48,-0.76
"109年 2月/ 人口數(人)",23600903,4022450,2639084,2252835,2816052,1879647,2774316,454099,564832,545158,1271761,493743,680448,502385,817803,216453,325857,105121,368870,449251,267598,140081,13059
"109年 2月/ 總增加率(o/oo)",-0.14,0.47,-1.44,0.84,0.12,-0.30,-0.09,-0.14,0.95,-0.50,-0.54,-0.49,-0.76,-0.66,-0.84,-0.83,-0.63,-0.25,-0.17,0.31,-0.21,-1.23,-1.61
"109年 2月/ 自然增加率(o/oo)",-0.11,-0.02,0.02,0.23,-0.00,-0.30,-0.19,-0.24,-0.09,-0.50,-0.02,-0.43,-0.44,-0.59,-0.50,-0.44,-0.39,0.02,-0.35,0.09,-0.30,0.05,0.38
"109年 2月/ 社會增加率(o/oo)",-0.03,0.49,-1.45,0.61,0.13,0.00,0.10,0.11,1.04,-0.00,-0.52,-0.06,-0.32,-0.08,-0.34,-0.39,-0.24,-0.27,0.18,0.22,0.10,-1.28,-1.99
"109年 3月/ 人口數(人)",23596493,4023620,2635286,2254363,2816667,1879115,2773984,453951,565272,544762,1271015,493403,680050,502007,817193,216308,325706,105117,368792,449425,267472,139951,13034
"109年 3月/ 總增加率(o/oo)",-0.19,0.29,-1.44,0.68,0.22,-0.28,-0.12,-0.33,0.78,-0.73,-0.59,-0.69,-0.59,-0.75,-0.75,-0.67,-0.46,-0.04,-0.21,0.39,-0.47,-0.93,-1.92
"109年 3月/ 自然增加率(o/oo)",-0.07,0.02,0.02,0.29,0.04,-0.21,-0.18,-0.28,-0.04,-0.50,0.06,-0.38,-0.44,-0.41,-0.44,-0.49,-0.27,0.08,-0.37,0.11,-0.34,0.14,0.23
"109年 3月/ 社會增加率(o/oo)",-0.11,0.27,-1.46,0.39,0.18,-0.07,0.06,-0.04,0.82,-0.23,-0.65,-0.31,-0.14,-0.34,-0.31,-0.18,-0.19,-0.11,0.16,0.28,-0.13,-1.07,-2.15
"109年 4月/ 人口數(人)",23591920,4024539,2631083,2255753,2816741,1878845,2773401,453915,565851,544548,1270521,493138,679635,501774,816636,216164,325582,105070,368850,449593,267432,139804,13045
"109年 4月/ 總增加率(o/oo)",-0.19,0.23,-1.60,0.62,0.03,-0.14,-0.21,-0.08,1.02,-0.39,-0.39,-0.54,-0.61,-0.46,-0.68,-0.67,-0.38,-0.45,0.16,0.37,-0.15,-1.05,0.84
"109年 4月/ 自然增加率(o/oo)",-0.07,-0.00,0.02,0.21,0.03,-0.22,-0.08,-0.15,0.01,-0.37,0.06,-0.33,-0.50,-0.36,-0.47,-0.52,-0.32,-0.08,-0.23,0.19,-0.22,0.10,0.31
"109年 4月/ 社會增加率(o/oo)",-0.13,0.23,-1.62,0.40,-0.00,0.08,-0.13,0.07,1.02,-0.02,-0.44,-0.21,-0.11,-0.10,-0.21,-0.14,-0.06,-0.37,0.39,0.19,0.07,-1.15,0.54
"109年 5月/ 人口數(人)",23586562,4026407,2626385,2256665,2816494,1878253,2772834,453970,566434,544339,1269953,492877,679468,501376,816173,216045,325453,105022,368686,449806,267203,139683,13036
"109年 5月/ 總增加率(o/oo)",-0.23,0.46,-1.79,0.40,-0.09,-0.32,-0.20,0.12,1.03,-0.38,-0.45,-0.53,-0.25,-0.79,-0.57,-0.55,-0.40,-0.46,-0.44,0.47,-0.86,-0.87,-0.69
"109年 5月/ 自然增加率(o/oo)",-0.04,0.05,0.01,0.28,0.02,-0.18,-0.12,-0.11,0.01,-0.26,0.01,-0.25,-0.39,-0.44,-0.40,-0.21,-0.29,0.03,-0.22,0.13,-0.25,0.04,0.23
"109年 5月/ 社會增加率(o/oo)",-0.18,0.41,-1.80,0.12,-0.11,-0.14,-0.09,0.23,1.02,-0.12,-0.46,-0.28,0.14,-0.35,-0.17,-0.34,-0.11,-0.49,-0.23,0.34,-0.61,-0.90,-0.92
"109年 6月/ 人口數(人)",23583823,4026646,2624143,2258099,2816917,1877891,2771846,453891,566998,544135,1269791,492733,679273,501212,815789,215940,325271,105028,368528,450021,267034,139588,13049
"109年 6月/ 總增加率(o/oo)",-0.12,0.06,-0.85,0.64,0.15,-0.19,-0.36,-0.17,1.00,-0.37,-0.13,-0.29,-0.29,-0.33,-0.47,-0.49,-0.56,0.06,-0.43,0.48,-0.63,-0.68,1.00
"109年 6月/ 自然增加率(o/oo)",0.02,0.07,0.12,0.32,0.14,-0.20,-0.06,-0.21,0.09,-0.25,0.23,-0.19,-0.31,-0.38,-0.44,-0.28,-0.27,0.07,-0.17,0.32,-0.20,0.27,0.31
"109年 6月/ 社會增加率(o/oo)",-0.13,-0.01,-0.98,0.32,0.01,0.00,-0.30,0.04,0.90,-0.12,-0.36,-0.11,0.02,0.06,-0.03,-0.20,-0.29,-0.01,-0.26,0.16,-0.43,-0.95,0.69
"109年 7月/ 人口數(人)",23578705,4027481,2620037,2260043,2816792,1877294,2770654,453760,567807,543803,1269395,492410,678896,500897,815367,215768,325058,105174,368372,450113,266833,139628,13123
"109年 7月/ 總增加率(o/oo)",-0.22,0.21,-1.57,0.86,-0.04,-0.32,-0.43,-0.29,1.43,-0.61,-0.31,-0.66,-0.56,-0.63,-0.52,-0.80,-0.66,1.39,-0.42,0.20,-0.75,0.29,5.65
"109年 7月/ 自然增加率(o/oo)",-0.08,0.01,-0.00,0.25,-0.02,-0.27,-0.14,-0.30,0.07,-0.42,0.05,-0.33,-0.42,-0.43,-0.41,-0.54,-0.21,-0.12,-0.33,0.13,-0.32,0.19,0.38
"109年 7月/ 社會增加率(o/oo)",-0.14,0.20,-1.56,0.61,-0.03,-0.05,-0.29,0.01,1.35,-0.19,-0.36,-0.33,-0.13,-0.20,-0.10,-0.26,-0.44,1.51,-0.09,0.08,-0.43,0.10,5.27
"109年 8月/ 人口數(人)",23574334,4028324,2615642,2262440,2816819,1876829,2769434,453646,568516,543711,1268766,492168,678589,500654,814895,215674,325018,105277,368184,450288,266668,139703,13089
"109年 8月/ 總增加率(o/oo)",-0.19,0.21,-1.68,1.06,0.01,-0.25,-0.44,-0.25,1.25,-0.17,-0.50,-0.49,-0.45,-0.49,-0.58,-0.44,-0.12,0.98,-0.51,0.39,-0.62,0.54,-2.59
"109年 8月/ 自然增加率(o/oo)",-0.02,0.01,0.06,0.33,0.04,-0.21,-0.09,-0.23,0.14,-0.24,0.12,-0.19,-0.35,-0.34,-0.37,-0.25,-0.13,0.16,-0.23,0.18,-0.07,0.09,0.31
"109年 8月/ 社會增加率(o/oo)",-0.16,0.20,-1.74,0.73,-0.03,-0.04,-0.35,-0.02,1.11,0.07,-0.61,-0.30,-0.10,-0.14,-0.21,-0.19,0.00,0.82,-0.28,0.21,-0.54,0.45,-2.90
"109年 9月/ 人口數(人)",23568378,4029205,2610762,2264231,2816779,1876364,2767931,453452,569199,543513,1267988,491743,678064,500316,814210,215483,324804,105794,368020,450617,266442,140329,13132
"109年 9月/ 總增加率(o/oo)",-0.25,0.22,-1.87,0.79,-0.01,-0.25,-0.54,-0.43,1.20,-0.36,-0.61,-0.86,-0.77,-0.68,-0.84,-0.89,-0.66,4.90,-0.45,0.73,-0.85,4.47,3.28
"109年 9月/ 自然增加率(o/oo)",-0.00,0.03,0.07,0.35,0.10,-0.15,-0.04,-0.15,0.09,-0.27,0.12,-0.29,-0.36,-0.37,-0.32,-0.39,-0.22,-0.20,-0.03,0.16,-0.12,0.18,0.15
"109年 9月/ 社會增加率(o/oo)",-0.25,0.19,-1.94,0.45,-0.11,-0.10,-0.50,-0.28,1.11,-0.09,-0.73,-0.57,-0.41,-0.31,-0.53,-0.50,-0.44,5.10,-0.42,0.57,-0.72,4.29,3.13
"109年 10月/ 人口數(人)",23566471,4029920,2608332,2265940,2817547,1875909,2767383,453309,569565,543287,1267786,491546,677669,500117,813676,215468,324602,105912,367890,450793,266251,140420,13149
"109年 10月/ 總增加率(o/oo)",-0.08,0.18,-0.93,0.75,0.27,-0.24,-0.20,-0.32,0.64,-0.42,-0.16,-0.40,-0.58,-0.40,-0.66,-0.07,-0.62,1.11,-0.35,0.39,-0.72,0.65,1.29
"109年 10月/ 自然增加率(o/oo)",0.02,0.08,0.05,0.37,0.11,-0.18,0.02,-0.11,0.09,-0.25,0.17,-0.20,-0.38,-0.38,-0.36,-0.24,-0.27,0.27,-0.15,0.20,-0.15,0.34,0.38
"109年 10月/ 社會增加率(o/oo)",-0.10,0.10,-0.98,0.38,0.17,-0.06,-0.22,-0.20,0.55,-0.17,-0.33,-0.20,-0.20,-0.02,-0.29,0.17,-0.35,0.84,-0.21,0.19,-0.57,0.31,0.91

