"人口數","人口數","幼年人口_0至14歲_統計","工作年齡人口_15至64歲_統計","老年人口_65歲以上_統計"
"106年/ 區域別總計 / 計","23,571,227","3,091,873","17,211,341","3,268,013"
"106年/ 新北市 / 計","3,986,689","498,155","2,986,137","502,397"
"106年/ 臺北市 / 計","2,683,257","369,872","1,874,209","439,176"
"106年/ 桃園市 / 計","2,188,017","331,649","1,620,364","236,004"
"106年/ 臺中市 / 計","2,787,070","407,467","2,059,022","320,581"
"106年/ 臺南市 / 計","1,886,522","233,691","1,381,516","271,315"
"106年/ 高雄市 / 計","2,776,912","336,948","2,045,103","394,861"
"106年/ 宜蘭縣 / 計","456,607","55,674","330,908","70,025"
"106年/ 新竹縣 / 計","552,169","91,331","394,658","66,180"
"106年/ 苗栗縣 / 計","553,807","72,200","396,246","85,361"
"106年/ 彰化縣 / 計","1,282,458","170,450","922,509","189,499"
"106年/ 南投縣 / 計","501,051","55,733","362,538","82,780"
"106年/ 雲林縣 / 計","690,373","81,516","487,667","121,190"
"106年/ 嘉義縣 / 計","511,182","50,176","366,622","94,384"
"106年/ 屏東縣 / 計","829,939","90,673","607,919","131,347"
"106年/ 臺東縣 / 計","219,540","26,398","158,984","34,158"
"106年/ 花蓮縣 / 計","329,237","40,087","238,678","50,472"
"106年/ 澎湖縣 / 計","104,073","11,338","76,565","16,170"
"106年/ 基隆市 / 計","371,458","39,601","276,832","55,025"
"106年/ 新竹市 / 計","441,132","76,216","314,160","50,756"
"106年/ 嘉義市 / 計","269,398","37,604","193,654","38,140"
"106年/ 金門縣 / 計","137,456","13,520","107,105","16,831"
"106年/ 連江縣 / 計","12,880","1,574","9,945","1,361"
"106年 1月/ 區域別總計 / 計","23,543,346","3,136,335","17,282,361","3,124,650"
"106年 1月/ 新北市 / 計","3,979,963","506,608","3,003,866","469,489"
"106年 1月/ 臺北市 / 計","2,695,371","374,589","1,899,341","421,441"
"106年 1月/ 桃園市 / 計","2,150,685","329,208","1,600,233","221,244"
"106年 1月/ 臺中市 / 計","2,769,005","408,902","2,056,108","303,995"
"106年 1月/ 臺南市 / 計","1,886,075","236,198","1,388,673","261,204"
"106年 1月/ 高雄市 / 計","2,779,332","343,067","2,060,163","376,102"
"106年 1月/ 宜蘭縣 / 計","457,349","56,678","332,586","68,085"
"106年 1月/ 新竹縣 / 計","547,794","91,613","391,821","64,360"
"106年 1月/ 苗栗縣 / 計","558,779","75,854","399,807","83,118"
"106年 1月/ 彰化縣 / 計","1,286,842","174,907","928,111","183,824"
"106年 1月/ 南投縣 / 計","504,838","58,070","366,289","80,479"
"106年 1月/ 雲林縣 / 計","694,519","84,315","491,083","119,121"
"106年 1月/ 嘉義縣 / 計","515,012","52,652","369,805","92,555"
"106年 1月/ 屏東縣 / 計","835,409","93,449","614,377","127,583"
"106年 1月/ 臺東縣 / 計","220,712","27,234","160,264","33,214"
"106年 1月/ 花蓮縣 / 計","330,810","41,114","240,810","48,886"
"106年 1月/ 澎湖縣 / 計","103,303","11,500","76,159","15,644"
"106年 1月/ 基隆市 / 計","372,044","40,387","279,416","52,241"
"106年 1月/ 新竹市 / 計","437,753","76,197","313,113","48,443"
"106年 1月/ 嘉義市 / 計","269,879","38,517","194,886","36,476"
"106年 1月/ 金門縣 / 計","135,223","13,681","105,689","15,853"
"106年 1月/ 連江縣 / 計","12,649","1,595","9,761","1,293"
"106年 2月/ 區域別總計 / 計","23,544,189","3,133,699","17,271,093","3,139,397"
"106年 2月/ 新北市 / 計","3,980,317","506,095","3,001,385","472,837"
"106年 2月/ 臺北市 / 計","2,694,195","374,302","1,896,670","423,223"
"106年 2月/ 桃園市 / 計","2,153,521","329,395","1,601,378","222,748"
"106年 2月/ 臺中市 / 計","2,770,356","408,889","2,055,804","305,663"
"106年 2月/ 臺南市 / 計","1,886,160","236,151","1,387,833","262,176"
"106年 2月/ 高雄市 / 計","2,779,052","342,810","2,058,309","377,933"
"106年 2月/ 宜蘭縣 / 計","457,323","56,675","332,342","68,306"
"106年 2月/ 新竹縣 / 計","548,090","91,591","391,847","64,652"
"106年 2月/ 苗栗縣 / 計","558,373","75,599","399,378","83,396"
"106年 2月/ 彰化縣 / 計","1,286,346","174,501","927,482","184,363"
"106年 2月/ 南投縣 / 計","504,561","57,904","365,892","80,765"
"106年 2月/ 雲林縣 / 計","693,987","84,063","490,667","119,257"
"106年 2月/ 嘉義縣 / 計","514,717","52,430","369,487","92,800"
"106年 2月/ 屏東縣 / 計","834,807","93,233","613,494","128,080"
"106年 2月/ 臺東縣 / 計","220,632","27,190","160,099","33,343"
"106年 2月/ 花蓮縣 / 計","330,691","41,047","240,593","49,051"
"106年 2月/ 澎湖縣 / 計","103,281","11,468","76,135","15,678"
"106年 2月/ 基隆市 / 計","372,049","40,408","279,122","52,519"
"106年 2月/ 新竹市 / 計","438,018","76,287","313,010","48,721"
"106年 2月/ 嘉義市 / 計","269,828","38,471","194,687","36,670"
"106年 2月/ 金門縣 / 計","135,235","13,604","105,720","15,911"
"106年 2月/ 連江縣 / 計","12,650","1,586","9,759","1,305"
"106年 3月/ 區域別總計 / 計","23,545,680","3,131,799","17,261,904","3,151,977"
"106年 3月/ 新北市 / 計","3,980,414","505,473","2,998,937","476,004"
"106年 3月/ 臺北市 / 計","2,693,313","374,242","1,894,333","424,738"
"106年 3月/ 桃園市 / 計","2,156,999","329,913","1,602,903","224,183"
"106年 3月/ 臺中市 / 計","2,772,118","409,324","2,055,729","307,065"
"106年 3月/ 臺南市 / 計","1,886,368","236,133","1,387,267","262,968"
"106年 3月/ 高雄市 / 計","2,778,726","342,445","2,056,730","379,551"
"106年 3月/ 宜蘭縣 / 計","457,205","56,606","332,020","68,579"
"106年 3月/ 新竹縣 / 計","548,418","91,618","391,953","64,847"
"106年 3月/ 苗栗縣 / 計","557,741","75,230","399,037","83,474"
"106年 3月/ 彰化縣 / 計","1,285,885","174,220","926,852","184,813"
"106年 3月/ 南投縣 / 計","504,098","57,688","365,462","80,948"
"106年 3月/ 雲林縣 / 計","693,525","83,818","490,296","119,411"
"106年 3月/ 嘉義縣 / 計","514,134","52,090","369,123","92,921"
"106年 3月/ 屏東縣 / 計","834,191","93,113","612,732","128,346"
"106年 3月/ 臺東縣 / 計","220,465","27,131","159,901","33,433"
"106年 3月/ 花蓮縣 / 計","330,484","40,973","240,336","49,175"
"106年 3月/ 澎湖縣 / 計","103,343","11,443","76,174","15,726"
"106年 3月/ 基隆市 / 計","371,973","40,412","278,791","52,770"
"106年 3月/ 新竹市 / 計","438,322","76,325","313,072","48,925"
"106年 3月/ 嘉義市 / 計","269,938","38,485","194,631","36,822"
"106年 3月/ 金門縣 / 計","135,342","13,533","105,843","15,966"
"106年 3月/ 連江縣 / 計","12,678","1,584","9,782","1,312"
"106年 4月/ 區域別總計 / 計","23,547,448","3,126,752","17,256,076","3,164,620"
"106年 4月/ 新北市 / 計","3,980,867","504,711","2,997,426","478,730"
"106年 4月/ 臺北市 / 計","2,692,118","373,403","1,892,417","426,298"
"106年 4月/ 桃園市 / 計","2,160,035","329,986","1,604,489","225,560"
"106年 4月/ 臺中市 / 計","2,773,527","409,002","2,055,993","308,532"
"106年 4月/ 臺南市 / 計","1,886,636","235,993","1,386,793","263,850"
"106年 4月/ 高雄市 / 計","2,778,734","341,760","2,055,798","381,176"
"106年 4月/ 宜蘭縣 / 計","457,093","56,472","331,774","68,847"
"106年 4月/ 新竹縣 / 計","548,660","91,508","392,127","65,025"
"106年 4月/ 苗栗縣 / 計","557,225","74,881","398,708","83,636"
"106年 4月/ 彰化縣 / 計","1,285,450","173,727","926,411","185,312"
"106年 4月/ 南投縣 / 計","503,862","57,505","365,107","81,250"
"106年 4月/ 雲林縣 / 計","693,209","83,624","489,970","119,615"
"106年 4月/ 嘉義縣 / 計","513,772","51,826","368,826","93,120"
"106年 4月/ 屏東縣 / 計","833,602","92,892","612,116","128,594"
"106年 4月/ 臺東縣 / 計","220,244","27,025","159,710","33,509"
"106年 4月/ 花蓮縣 / 計","330,343","40,854","240,148","49,341"
"106年 4月/ 澎湖縣 / 計","103,385","11,373","76,239","15,773"
"106年 4月/ 基隆市 / 計","372,086","40,444","278,604","53,038"
"106年 4月/ 新竹市 / 計","438,524","76,276","313,134","49,114"
"106年 4月/ 嘉義市 / 計","269,949","38,457","194,556","36,936"
"106年 4月/ 金門縣 / 計","135,440","13,459","105,929","16,052"
"106年 4月/ 連江縣 / 計","12,687","1,574","9,801","1,312"
"106年 5月/ 區域別總計 / 計","23,550,077","3,122,606","17,251,308","3,176,163"
"106年 5月/ 新北市 / 計","3,982,268","504,307","2,996,495","481,466"
"106年 5月/ 臺北市 / 計","2,690,813","372,651","1,890,457","427,705"
"106年 5月/ 桃園市 / 計","2,163,728","330,190","1,606,609","226,929"
"106年 5月/ 臺中市 / 計","2,775,294","408,910","2,056,575","309,809"
"106年 5月/ 臺南市 / 計","1,886,473","235,732","1,386,138","264,603"
"106年 5月/ 高雄市 / 計","2,778,415","341,189","2,054,678","382,548"
"106年 5月/ 宜蘭縣 / 計","457,133","56,413","331,743","68,977"
"106年 5月/ 新竹縣 / 計","549,118","91,487","392,459","65,172"
"106年 5月/ 苗栗縣 / 計","556,638","74,474","398,257","83,907"
"106年 5月/ 彰化縣 / 計","1,284,785","173,200","925,879","185,706"
"106年 5月/ 南投縣 / 計","503,575","57,380","364,736","81,459"
"106年 5月/ 雲林縣 / 計","692,818","83,341","489,724","119,753"
"106年 5月/ 嘉義縣 / 計","513,393","51,630","368,511","93,252"
"106年 5月/ 屏東縣 / 計","832,994","92,692","611,432","128,870"
"106年 5月/ 臺東縣 / 計","220,191","26,939","159,679","33,573"
"106年 5月/ 花蓮縣 / 計","330,139","40,773","239,919","49,447"
"106年 5月/ 澎湖縣 / 計","103,434","11,362","76,261","15,811"
"106年 5月/ 基隆市 / 計","371,981","40,348","278,262","53,371"
"106年 5月/ 新竹市 / 計","438,863","76,309","313,287","49,267"
"106年 5月/ 嘉義市 / 計","269,793","38,305","194,434","37,054"
"106年 5月/ 金門縣 / 計","135,535","13,397","105,971","16,167"
"106年 5月/ 連江縣 / 計","12,696","1,577","9,802","1,317"
"106年 6月/ 區域別總計 / 計","23,552,470","3,119,182","17,249,089","3,184,199"
"106年 6月/ 新北市 / 計","3,982,434","503,333","2,995,499","483,602"
"106年 6月/ 臺北市 / 計","2,689,845","372,554","1,888,643","428,648"
"106年 6月/ 桃園市 / 計","2,167,616","330,593","1,609,092","227,931"
"106年 6月/ 臺中市 / 計","2,776,579","408,694","2,057,175","310,710"
"106年 6月/ 臺南市 / 計","1,886,502","235,574","1,385,807","265,121"
"106年 6月/ 高雄市 / 計","2,778,023","340,573","2,053,791","383,659"
"106年 6月/ 宜蘭縣 / 計","457,106","56,376","331,717","69,013"
"106年 6月/ 新竹縣 / 計","549,580","91,532","392,743","65,305"
"106年 6月/ 苗栗縣 / 計","556,324","74,195","398,095","84,034"
"106年 6月/ 彰化縣 / 計","1,284,423","172,801","925,715","185,907"
"106年 6月/ 南投縣 / 計","503,261","57,187","364,508","81,566"
"106年 6月/ 雲林縣 / 計","692,570","83,175","489,634","119,761"
"106年 6月/ 嘉義縣 / 計","513,082","51,430","368,356","93,296"
"106年 6月/ 屏東縣 / 計","832,489","92,452","610,958","129,079"
"106年 6月/ 臺東縣 / 計","220,083","26,874","159,611","33,598"
"106年 6月/ 花蓮縣 / 計","329,976","40,664","239,828","49,484"
"106年 6月/ 澎湖縣 / 計","103,406","11,382","76,178","15,846"
"106年 6月/ 基隆市 / 計","371,876","40,216","278,110","53,550"
"106年 6月/ 新竹市 / 計","439,299","76,345","313,548","49,406"
"106年 6月/ 嘉義市 / 計","269,717","38,207","194,382","37,128"
"106年 6月/ 金門縣 / 計","135,563","13,439","105,893","16,231"
"106年 6月/ 連江縣 / 計","12,716","1,586","9,806","1,324"
"106年 7月/ 區域別總計 / 計","23,554,803","3,115,014","17,247,312","3,192,477"
"106年 7月/ 新北市 / 計","3,984,051","503,008","2,995,355","485,688"
"106年 7月/ 臺北市 / 計","2,687,629","371,758","1,886,187","429,684"
"106年 7月/ 桃園市 / 計","2,171,127","330,783","1,611,579","228,765"
"106年 7月/ 臺中市 / 計","2,778,182","408,501","2,057,823","311,858"
"106年 7月/ 臺南市 / 計","1,886,267","235,226","1,385,299","265,742"
"106年 7月/ 高雄市 / 計","2,777,873","340,022","2,053,009","384,842"
"106年 7月/ 宜蘭縣 / 計","456,985","56,275","331,590","69,120"
"106年 7月/ 新竹縣 / 計","550,070","91,493","393,230","65,347"
"106年 7月/ 苗栗縣 / 計","555,972","73,922","397,912","84,138"
"106年 7月/ 彰化縣 / 計","1,284,045","172,389","925,459","186,197"
"106年 7月/ 南投縣 / 計","502,932","56,977","364,282","81,673"
"106年 7月/ 雲林縣 / 計","692,074","82,884","489,451","119,739"
"106年 7月/ 嘉義縣 / 計","512,792","51,238","368,261","93,293"
"106年 7月/ 屏東縣 / 計","832,127","92,192","610,648","129,287"
"106年 7月/ 臺東縣 / 計","219,974","26,813","159,548","33,613"
"106年 7月/ 花蓮縣 / 計","329,845","40,630","239,650","49,565"
"106年 7月/ 澎湖縣 / 計","103,419","11,388","76,181","15,850"
"106年 7月/ 基隆市 / 計","371,853","40,104","278,079","53,670"
"106年 7月/ 新竹市 / 計","439,435","76,273","313,617","49,545"
"106年 7月/ 嘉義市 / 計","269,608","38,074","194,301","37,233"
"106年 7月/ 金門縣 / 計","135,816","13,483","106,030","16,303"
"106年 7月/ 連江縣 / 計","12,727","1,581","9,821","1,325"
"106年 8月/ 區域別總計 / 計","23,556,169","3,110,661","17,240,960","3,204,548"
"106年 8月/ 新北市 / 計","3,984,720","502,059","2,994,134","488,527"
"106年 8月/ 臺北市 / 計","2,685,202","371,210","1,882,869","431,123"
"106年 8月/ 桃園市 / 計","2,174,895","331,058","1,613,764","230,073"
"106年 8月/ 臺中市 / 計","2,780,155","408,638","2,058,234","313,283"
"106年 8月/ 臺南市 / 計","1,886,145","234,893","1,384,628","266,624"
"106年 8月/ 高雄市 / 計","2,777,564","339,475","2,051,727","386,362"
"106年 8月/ 宜蘭縣 / 計","456,904","56,175","331,506","69,223"
"106年 8月/ 新竹縣 / 計","550,621","91,509","393,656","65,456"
"106年 8月/ 苗栗縣 / 計","555,485","73,537","397,610","84,338"
"106年 8月/ 彰化縣 / 計","1,283,426","171,910","924,867","186,649"
"106年 8月/ 南投縣 / 計","502,482","56,692","363,932","81,858"
"106年 8月/ 雲林縣 / 計","691,673","82,643","489,103","119,927"
"106年 8月/ 嘉義縣 / 計","512,548","51,058","368,075","93,415"
"106年 8月/ 屏東縣 / 計","831,629","91,931","610,101","129,597"
"106年 8月/ 臺東縣 / 計","219,879","26,691","159,493","33,695"
"106年 8月/ 花蓮縣 / 計","329,676","40,486","239,502","49,688"
"106年 8月/ 澎湖縣 / 計","103,412","11,372","76,144","15,896"
"106年 8月/ 基隆市 / 計","371,819","40,018","277,857","53,944"
"106年 8月/ 新竹市 / 計","439,747","76,276","313,720","49,751"
"106年 8月/ 嘉義市 / 計","269,427","37,976","194,069","37,382"
"106年 8月/ 金門縣 / 計","136,004","13,475","106,128","16,401"
"106年 8月/ 連江縣 / 計","12,756","1,579","9,841","1,336"
"106年 9月/ 區域別總計 / 計","23,557,467","3,105,139","17,233,447","3,218,881"
"106年 9月/ 新北市 / 計","3,984,975","500,925","2,992,330","491,720"
"106年 9月/ 臺北市 / 計","2,682,893","370,573","1,879,388","432,932"
"106年 9月/ 桃園市 / 計","2,178,458","331,198","1,615,894","231,366"
"106年 9月/ 臺中市 / 計","2,781,498","408,287","2,058,334","314,877"
"106年 9月/ 臺南市 / 計","1,886,088","234,579","1,383,778","267,731"
"106年 9月/ 高雄市 / 計","2,777,021","338,910","2,049,767","388,344"
"106年 9月/ 宜蘭縣 / 計","456,851","56,040","331,461","69,350"
"106年 9月/ 新竹縣 / 計","551,201","91,527","394,036","65,638"
"106年 9月/ 苗栗縣 / 計","555,049","73,165","397,360","84,524"
"106年 9月/ 彰化縣 / 計","1,282,991","171,491","924,182","187,318"
"106年 9月/ 南投縣 / 計","502,095","56,390","363,632","82,073"
"106年 9月/ 雲林縣 / 計","691,348","82,416","488,646","120,286"
"106年 9月/ 嘉義縣 / 計","512,064","50,776","367,632","93,656"
"106年 9月/ 屏東縣 / 計","831,073","91,524","609,625","129,924"
"106年 9月/ 臺東縣 / 計","219,716","26,594","159,351","33,771"
"106年 9月/ 花蓮縣 / 計","329,531","40,407","239,284","49,840"
"106年 9月/ 澎湖縣 / 計","103,843","11,321","76,567","15,955"
"106年 9月/ 基隆市 / 計","371,758","39,886","277,714","54,158"
"106年 9月/ 新竹市 / 計","440,098","76,218","313,843","50,037"
"106年 9月/ 嘉義市 / 計","269,338","37,872","193,906","37,560"
"106年 9月/ 金門縣 / 計","136,812","13,460","106,870","16,482"
"106年 9月/ 連江縣 / 計","12,766","1,580","9,847","1,339"
"106年 10月/ 區域別總計 / 計","23,562,318","3,099,681","17,226,557","3,236,080"
"106年 10月/ 新北市 / 計","3,985,698","499,911","2,990,292","495,495"
"106年 10月/ 臺北市 / 計","2,683,202","370,172","1,877,678","435,352"
"106年 10月/ 桃園市 / 計","2,181,470","331,222","1,617,340","232,908"
"106年 10月/ 臺中市 / 計","2,783,298","407,778","2,058,668","316,852"
"106年 10月/ 臺南市 / 計","1,886,387","234,270","1,383,095","269,022"
"106年 10月/ 高雄市 / 計","2,776,791","338,093","2,048,080","390,618"
"106年 10月/ 宜蘭縣 / 計","456,756","55,866","331,364","69,526"
"106年 10月/ 新竹縣 / 計","551,447","91,398","394,265","65,784"
"106年 10月/ 苗栗縣 / 計","554,652","72,849","396,922","84,881"
"106年 10月/ 彰化縣 / 計","1,282,934","171,114","923,832","187,988"
"106年 10月/ 南投縣 / 計","501,757","56,149","363,252","82,356"
"106年 10月/ 雲林縣 / 計","691,021","82,107","488,307","120,607"
"106年 10月/ 嘉義縣 / 計","511,797","50,546","367,329","93,922"
"106年 10月/ 屏東縣 / 計","830,697","91,217","609,137","130,343"
"106年 10月/ 臺東縣 / 計","219,686","26,522","159,218","33,946"
"106年 10月/ 花蓮縣 / 計","329,462","40,299","239,113","50,050"
"106年 10月/ 澎湖縣 / 計","103,956","11,326","76,581","16,049"
"106年 10月/ 基隆市 / 計","371,669","39,792","277,459","54,418"
"106年 10月/ 新竹市 / 計","440,409","76,197","313,939","50,273"
"106年 10月/ 嘉義市 / 計","269,364","37,781","193,829","37,754"
"106年 10月/ 金門縣 / 計","137,042","13,490","106,967","16,585"
"106年 10月/ 連江縣 / 計","12,823","1,582","9,890","1,351"
"106年 11月/ 區域別總計 / 計","23,566,853","3,095,471","17,218,704","3,252,678"
"106年 11月/ 新北市 / 計","3,986,291","498,906","2,988,338","499,047"
"106年 11月/ 臺北市 / 計","2,683,321","369,995","1,875,950","437,376"
"106年 11月/ 桃園市 / 計","2,184,655","331,344","1,618,802","234,509"
"106年 11月/ 臺中市 / 計","2,785,159","407,558","2,058,827","318,774"
"106年 11月/ 臺南市 / 計","1,886,465","233,950","1,382,245","270,270"
"106年 11月/ 高雄市 / 計","2,776,846","337,564","2,046,388","392,894"
"106年 11月/ 宜蘭縣 / 計","456,688","55,768","331,164","69,756"
"106年 11月/ 新竹縣 / 計","551,816","91,364","394,506","65,946"
"106年 11月/ 苗栗縣 / 計","554,267","72,531","396,612","85,124"
"106年 11月/ 彰化縣 / 計","1,282,669","170,759","923,118","188,792"
"106年 11月/ 南投縣 / 計","501,474","55,921","362,990","82,563"
"106年 11月/ 雲林縣 / 計","690,662","81,803","487,940","120,919"
"106年 11月/ 嘉義縣 / 計","511,520","50,346","367,032","94,142"
"106年 11月/ 屏東縣 / 計","830,303","90,998","608,474","130,831"
"106年 11月/ 臺東縣 / 計","219,627","26,459","159,138","34,030"
"106年 11月/ 花蓮縣 / 計","329,374","40,207","238,879","50,288"
"106年 11月/ 澎湖縣 / 計","104,005","11,323","76,572","16,110"
"106年 11月/ 基隆市 / 計","371,560","39,727","277,097","54,736"
"106年 11月/ 新竹市 / 計","440,717","76,207","313,973","50,537"
"106年 11月/ 嘉義市 / 計","269,338","37,664","193,708","37,966"
"106年 11月/ 金門縣 / 計","137,255","13,502","107,046","16,707"
"106年 11月/ 連江縣 / 計","12,841","1,575","9,905","1,361"
"106年 12月/ 區域別總計 / 計","23,571,227","3,091,873","17,211,341","3,268,013"
"106年 12月/ 新北市 / 計","3,986,689","498,155","2,986,137","502,397"
"106年 12月/ 臺北市 / 計","2,683,257","369,872","1,874,209","439,176"
"106年 12月/ 桃園市 / 計","2,188,017","331,649","1,620,364","236,004"
"106年 12月/ 臺中市 / 計","2,787,070","407,467","2,059,022","320,581"
"106年 12月/ 臺南市 / 計","1,886,522","233,691","1,381,516","271,315"
"106年 12月/ 高雄市 / 計","2,776,912","336,948","2,045,103","394,861"
"106年 12月/ 宜蘭縣 / 計","456,607","55,674","330,908","70,025"
"106年 12月/ 新竹縣 / 計","552,169","91,331","394,658","66,180"
"106年 12月/ 苗栗縣 / 計","553,807","72,200","396,246","85,361"
"106年 12月/ 彰化縣 / 計","1,282,458","170,450","922,509","189,499"
"106年 12月/ 南投縣 / 計","501,051","55,733","362,538","82,780"
"106年 12月/ 雲林縣 / 計","690,373","81,516","487,667","121,190"
"106年 12月/ 嘉義縣 / 計","511,182","50,176","366,622","94,384"
"106年 12月/ 屏東縣 / 計","829,939","90,673","607,919","131,347"
"106年 12月/ 臺東縣 / 計","219,540","26,398","158,984","34,158"
"106年 12月/ 花蓮縣 / 計","329,237","40,087","238,678","50,472"
"106年 12月/ 澎湖縣 / 計","104,073","11,338","76,565","16,170"
"106年 12月/ 基隆市 / 計","371,458","39,601","276,832","55,025"
"106年 12月/ 新竹市 / 計","441,132","76,216","314,160","50,756"
"106年 12月/ 嘉義市 / 計","269,398","37,604","193,654","38,140"
"106年 12月/ 金門縣 / 計","137,456","13,520","107,105","16,831"
"106年 12月/ 連江縣 / 計","12,880","1,574","9,945","1,361"

