統計項目,縣市,數值,期間,指標
109年 (1~10月)/ 人口數(人),區域別總計,23566471.0,109年 (1~10月),人口數(人)
109年 (1~10月)/ 總增加率(o/oo),區域別總計,-1.55,109年 (1~10月),總增加率(o/oo)
109年 (1~10月)/ 自然增加率(o/oo),區域別總計,-0.46,109年 (1~10月),自然增加率(o/oo)
109年 (1~10月)/ 社會增加率(o/oo),區域別總計,-1.1,109年 (1~10月),社會增加率(o/oo)
109年 1月/ 人口數(人),區域別總計,23604265.0,109年 1月,人口數(人)
109年 1月/ 總增加率(o/oo),區域別總計,0.05,109年 1月,總增加率(o/oo)
109年 1月/ 自然增加率(o/oo),區域別總計,-0.09,109年 1月,自然增加率(o/oo)
109年 1月/ 社會增加率(o/oo),區域別總計,0.14,109年 1月,社會增加率(o/oo)
109年 2月/ 人口數(人),區域別總計,23600903.0,109年 2月,人口數(人)
109年 2月/ 總增加率(o/oo),區域別總計,-0.14,109年 2月,總增加率(o/oo)
109年 2月/ 自然增加率(o/oo),區域別總計,-0.11,109年 2月,自然增加率(o/oo)
109年 2月/ 社會增加率(o/oo),區域別總計,-0.03,109年 2月,社會增加率(o/oo)
109年 3月/ 人口數(人),區域別總計,23596493.0,109年 3月,人口數(人)
109年 3月/ 總增加率(o/oo),區域別總計,-0.19,109年 3月,總增加率(o/oo)
109年 3月/ 自然增加率(o/oo),區域別總計,-0.07,109年 3月,自然增加率(o/oo)
109年 3月/ 社會增加率(o/oo),區域別總計,-0.11,109年 3月,社會增加率(o/oo)
109年 4月/ 人口數(人),區域別總計,23591920.0,109年 4月,人口數(人)
109年 4月/ 總增加率(o/oo),區域別總計,-0.19,109年 4月,總增加率(o/oo)
109年 4月/ 自然增加率(o/oo),區域別總計,-0.07,109年 4月,自然增加率(o/oo)
109年 4月/ 社會增加率(o/oo),區域別總計,-0.13,109年 4月,社會增加率(o/oo)
109年 5月/ 人口數(人),區域別總計,23586562.0,109年 5月,人口數(人)
109年 5月/ 總增加率(o/oo),區域別總計,-0.23,109年 5月,總增加率(o/oo)
109年 5月/ 自然增加率(o/oo),區域別總計,-0.04,109年 5月,自然增加率(o/oo)
109年 5月/ 社會增加率(o/oo),區域別總計,-0.18,109年 5月,社會增加率(o/oo)
109年 6月/ 人口數(人),區域別總計,23583823.0,109年 6月,人口數(人)
109年 6月/ 總增加率(o/oo),區域別總計,-0.12,109年 6月,總增加率(o/oo)
109年 6月/ 自然增加率(o/oo),區域別總計,0.02,109年 6月,自然增加率(o/oo)
109年 6月/ 社會增加率(o/oo),區域別總計,-0.13,109年 6月,社會增加率(o/oo)
109年 7月/ 人口數(人),區域別總計,23578705.0,109年 7月,人口數(人)
109年 7月/ 總增加率(o/oo),區域別總計,-0.22,109年 7月,總增加率(o/oo)
109年 7月/ 自然增加率(o/oo),區域別總計,-0.08,109年 7月,自然增加率(o/oo)
109年 7月/ 社會增加率(o/oo),區域別總計,-0.14,109年 7月,社會增加率(o/oo)
109年 8月/ 人口數(人),區域別總計,23574334.0,109年 8月,人口數(人)
109年 8月/ 總增加率(o/oo),區域別總計,-0.19,109年 8月,總增加率(o/oo)
109年 8月/ 自然增加率(o/oo),區域別總計,-0.02,109年 8月,自然增加率(o/oo)
109年 8月/ 社會增加率(o/oo),區域別總計,-0.16,109年 8月,社會增加率(o/oo)
109年 9月/ 人口數(人),區域別總計,23568378.0,109年 9月,人口數(人)
109年 9月/ 總增加率(o/oo),區域別總計,-0.25,109年 9月,總增加率(o/oo)
109年 9月/ 自然增加率(o/oo),區域別總計,-0.0,109年 9月,自然增加率(o/oo)
109年 9月/ 社會增加率(o/oo),區域別總計,-0.25,109年 9月,社會增加率(o/oo)
109年 10月/ 人口數(人),區域別總計,23566471.0,109年 10月,人口數(人)
109年 10月/ 總增加率(o/oo),區域別總計,-0.08,109年 10月,總增加率(o/oo)
109年 10月/ 自然增加率(o/oo),區域別總計,0.02,109年 10月,自然增加率(o/oo)
109年 10月/ 社會增加率(o/oo),區域別總計,-0.1,109年 10月,社會增加率(o/oo)
109年 (1~10月)/ 人口數(人),新北市,4029920.0,109年 (1~10月),人口數(人)
109年 (1~10月)/ 總增加率(o/oo),新北市,2.79,109年 (1~10月),總增加率(o/oo)
109年 (1~10月)/ 自然增加率(o/oo),新北市,0.23,109年 (1~10月),自然增加率(o/oo)
109年 (1~10月)/ 社會增加率(o/oo),新北市,2.56,109年 (1~10月),社會增加率(o/oo)
109年 1月/ 人口數(人),新北市,4020572.0,109年 1月,人口數(人)
109年 1月/ 總增加率(o/oo),新北市,0.47,109年 1月,總增加率(o/oo)
109年 1月/ 自然增加率(o/oo),新北市,-0.01,109年 1月,自然增加率(o/oo)
109年 1月/ 社會增加率(o/oo),新北市,0.48,109年 1月,社會增加率(o/oo)
109年 2月/ 人口數(人),新北市,4022450.0,109年 2月,人口數(人)
109年 2月/ 總增加率(o/oo),新北市,0.47,109年 2月,總增加率(o/oo)
109年 2月/ 自然增加率(o/oo),新北市,-0.02,109年 2月,自然增加率(o/oo)
109年 2月/ 社會增加率(o/oo),新北市,0.49,109年 2月,社會增加率(o/oo)
109年 3月/ 人口數(人),新北市,4023620.0,109年 3月,人口數(人)
109年 3月/ 總增加率(o/oo),新北市,0.29,109年 3月,總增加率(o/oo)
109年 3月/ 自然增加率(o/oo),新北市,0.02,109年 3月,自然增加率(o/oo)
109年 3月/ 社會增加率(o/oo),新北市,0.27,109年 3月,社會增加率(o/oo)
109年 4月/ 人口數(人),新北市,4024539.0,109年 4月,人口數(人)
109年 4月/ 總增加率(o/oo),新北市,0.23,109年 4月,總增加率(o/oo)
109年 4月/ 自然增加率(o/oo),新北市,-0.0,109年 4月,自然增加率(o/oo)
109年 4月/ 社會增加率(o/oo),新北市,0.23,109年 4月,社會增加率(o/oo)
109年 5月/ 人口數(人),新北市,4026407.0,109年 5月,人口數(人)
109年 5月/ 總增加率(o/oo),新北市,0.46,109年 5月,總增加率(o/oo)
109年 5月/ 自然增加率(o/oo),新北市,0.05,109年 5月,自然增加率(o/oo)
109年 5月/ 社會增加率(o/oo),新北市,0.41,109年 5月,社會增加率(o/oo)
109年 6月/ 人口數(人),新北市,4026646.0,109年 6月,人口數(人)
109年 6月/ 總增加率(o/oo),新北市,0.06,109年 6月,總增加率(o/oo)
109年 6月/ 自然增加率(o/oo),新北市,0.07,109年 6月,自然增加率(o/oo)
109年 6月/ 社會增加率(o/oo),新北市,-0.01,109年 6月,社會增加率(o/oo)
109年 7月/ 人口數(人),新北市,4027481.0,109年 7月,人口數(人)
109年 7月/ 總增加率(o/oo),新北市,0.21,109年 7月,總增加率(o/oo)
109年 7月/ 自然增加率(o/oo),新北市,0.01,109年 7月,自然增加率(o/oo)
109年 7月/ 社會增加率(o/oo),新北市,0.2,109年 7月,社會增加率(o/oo)
109年 8月/ 人口數(人),新北市,4028324.0,109年 8月,人口數(人)
109年 8月/ 總增加率(o/oo),新北市,0.21,109年 8月,總增加率(o/oo)
109年 8月/ 自然增加率(o/oo),新北市,0.01,109年 8月,自然增加率(o/oo)
109年 8月/ 社會增加率(o/oo),新北市,0.2,109年 8月,社會增加率(o/oo)
109年 9月/ 人口數(人),新北市,4029205.0,109年 9月,人口數(人)
109年 9月/ 總增加率(o/oo),新北市,0.22,109年 9月,總增加率(o/oo)
109年 9月/ 自然增加率(o/oo),新北市,0.03,109年 9月,自然增加率(o/oo)
109年 9月/ 社會增加率(o/oo),新北市,0.19,109年 9月,社會增加率(o/oo)
109年 10月/ 人口數(人),新北市,4029920.0,109年 10月,人口數(人)
109年 10月/ 總增加率(o/oo),新北市,0.18,109年 10月,總增加率(o/oo)
109年 10月/ 自然增加率(o/oo),新北市,0.08,109年 10月,自然增加率(o/oo)
109年 10月/ 社會增加率(o/oo),新北市,0.1,109年 10月,社會增加率(o/oo)
109年 (1~10月)/ 人口數(人),臺北市,2608332.0,109年 (1~10月),人口數(人)
109年 (1~10月)/ 總增加率(o/oo),臺北市,-13.98,109年 (1~10月),總增加率(o/oo)
109年 (1~10月)/ 自然增加率(o/oo),臺北市,0.37,109年 (1~10月),自然增加率(o/oo)
109年 (1~10月)/ 社會增加率(o/oo),臺北市,-14.34,109年 (1~10月),社會增加率(o/oo)
109年 1月/ 人口數(人),臺北市,2642877.0,109年 1月,人口數(人)
109年 1月/ 總增加率(o/oo),臺北市,-0.82,109年 1月,總增加率(o/oo)
109年 1月/ 自然增加率(o/oo),臺北市,0.01,109年 1月,自然增加率(o/oo)
109年 1月/ 社會增加率(o/oo),臺北市,-0.83,109年 1月,社會增加率(o/oo)
109年 2月/ 人口數(人),臺北市,2639084.0,109年 2月,人口數(人)
109年 2月/ 總增加率(o/oo),臺北市,-1.44,109年 2月,總增加率(o/oo)
109年 2月/ 自然增加率(o/oo),臺北市,0.02,109年 2月,自然增加率(o/oo)
109年 2月/ 社會增加率(o/oo),臺北市,-1.45,109年 2月,社會增加率(o/oo)
109年 3月/ 人口數(人),臺北市,2635286.0,109年 3月,人口數(人)
109年 3月/ 總增加率(o/oo),臺北市,-1.44,109年 3月,總增加率(o/oo)
109年 3月/ 自然增加率(o/oo),臺北市,0.02,109年 3月,自然增加率(o/oo)
109年 3月/ 社會增加率(o/oo),臺北市,-1.46,109年 3月,社會增加率(o/oo)
109年 4月/ 人口數(人),臺北市,2631083.0,109年 4月,人口數(人)
109年 4月/ 總增加率(o/oo),臺北市,-1.6,109年 4月,總增加率(o/oo)
109年 4月/ 自然增加率(o/oo),臺北市,0.02,109年 4月,自然增加率(o/oo)
109年 4月/ 社會增加率(o/oo),臺北市,-1.62,109年 4月,社會增加率(o/oo)
109年 5月/ 人口數(人),臺北市,2626385.0,109年 5月,人口數(人)
109年 5月/ 總增加率(o/oo),臺北市,-1.79,109年 5月,總增加率(o/oo)
109年 5月/ 自然增加率(o/oo),臺北市,0.01,109年 5月,自然增加率(o/oo)
109年 5月/ 社會增加率(o/oo),臺北市,-1.8,109年 5月,社會增加率(o/oo)
109年 6月/ 人口數(人),臺北市,2624143.0,109年 6月,人口數(人)
109年 6月/ 總增加率(o/oo),臺北市,-0.85,109年 6月,總增加率(o/oo)
109年 6月/ 自然增加率(o/oo),臺北市,0.12,109年 6月,自然增加率(o/oo)
109年 6月/ 社會增加率(o/oo),臺北市,-0.98,109年 6月,社會增加率(o/oo)
109年 7月/ 人口數(人),臺北市,2620037.0,109年 7月,人口數(人)
109年 7月/ 總增加率(o/oo),臺北市,-1.57,109年 7月,總增加率(o/oo)
109年 7月/ 自然增加率(o/oo),臺北市,-0.0,109年 7月,自然增加率(o/oo)
109年 7月/ 社會增加率(o/oo),臺北市,-1.56,109年 7月,社會增加率(o/oo)
109年 8月/ 人口數(人),臺北市,2615642.0,109年 8月,人口數(人)
109年 8月/ 總增加率(o/oo),臺北市,-1.68,109年 8月,總增加率(o/oo)
109年 8月/ 自然增加率(o/oo),臺北市,0.06,109年 8月,自然增加率(o/oo)
109年 8月/ 社會增加率(o/oo),臺北市,-1.74,109年 8月,社會增加率(o/oo)
109年 9月/ 人口數(人),臺北市,2610762.0,109年 9月,人口數(人)
109年 9月/ 總增加率(o/oo),臺北市,-1.87,109年 9月,總增加率(o/oo)
109年 9月/ 自然增加率(o/oo),臺北市,0.07,109年 9月,自然增加率(o/oo)
109年 9月/ 社會增加率(o/oo),臺北市,-1.94,109年 9月,社會增加率(o/oo)
109年 10月/ 人口數(人),臺北市,2608332.0,109年 10月,人口數(人)
109年 10月/ 總增加率(o/oo),臺北市,-0.93,109年 10月,總增加率(o/oo)
109年 10月/ 自然增加率(o/oo),臺北市,0.05,109年 10月,自然增加率(o/oo)
109年 10月/ 社會增加率(o/oo),臺北市,-0.98,109年 10月,社會增加率(o/oo)
109年 (1~10月)/ 人口數(人),桃園市,2265940.0,109年 (1~10月),人口數(人)
109年 (1~10月)/ 總增加率(o/oo),桃園市,7.49,109年 (1~10月),總增加率(o/oo)
109年 (1~10月)/ 自然增加率(o/oo),桃園市,2.83,109年 (1~10月),自然增加率(o/oo)
109年 (1~10月)/ 社會增加率(o/oo),桃園市,4.66,109年 (1~10月),社會增加率(o/oo)
109年 1月/ 人口數(人),桃園市,2250954.0,109年 1月,人口數(人)
109年 1月/ 總增加率(o/oo),桃園市,0.85,109年 1月,總增加率(o/oo)
109年 1月/ 自然增加率(o/oo),桃園市,0.2,109年 1月,自然增加率(o/oo)
109年 1月/ 社會增加率(o/oo),桃園市,0.65,109年 1月,社會增加率(o/oo)
109年 2月/ 人口數(人),桃園市,2252835.0,109年 2月,人口數(人)
109年 2月/ 總增加率(o/oo),桃園市,0.84,109年 2月,總增加率(o/oo)
109年 2月/ 自然增加率(o/oo),桃園市,0.23,109年 2月,自然增加率(o/oo)
109年 2月/ 社會增加率(o/oo),桃園市,0.61,109年 2月,社會增加率(o/oo)
109年 3月/ 人口數(人),桃園市,2254363.0,109年 3月,人口數(人)
109年 3月/ 總增加率(o/oo),桃園市,0.68,109年 3月,總增加率(o/oo)
109年 3月/ 自然增加率(o/oo),桃園市,0.29,109年 3月,自然增加率(o/oo)
109年 3月/ 社會增加率(o/oo),桃園市,0.39,109年 3月,社會增加率(o/oo)
109年 4月/ 人口數(人),桃園市,2255753.0,109年 4月,人口數(人)
109年 4月/ 總增加率(o/oo),桃園市,0.62,109年 4月,總增加率(o/oo)
109年 4月/ 自然增加率(o/oo),桃園市,0.21,109年 4月,自然增加率(o/oo)
109年 4月/ 社會增加率(o/oo),桃園市,0.4,109年 4月,社會增加率(o/oo)
109年 5月/ 人口數(人),桃園市,2256665.0,109年 5月,人口數(人)
109年 5月/ 總增加率(o/oo),桃園市,0.4,109年 5月,總增加率(o/oo)
109年 5月/ 自然增加率(o/oo),桃園市,0.28,109年 5月,自然增加率(o/oo)
109年 5月/ 社會增加率(o/oo),桃園市,0.12,109年 5月,社會增加率(o/oo)
109年 6月/ 人口數(人),桃園市,2258099.0,109年 6月,人口數(人)
109年 6月/ 總增加率(o/oo),桃園市,0.64,109年 6月,總增加率(o/oo)
109年 6月/ 自然增加率(o/oo),桃園市,0.32,109年 6月,自然增加率(o/oo)
109年 6月/ 社會增加率(o/oo),桃園市,0.32,109年 6月,社會增加率(o/oo)
109年 7月/ 人口數(人),桃園市,2260043.0,109年 7月,人口數(人)
109年 7月/ 總增加率(o/oo),桃園市,0.86,109年 7月,總增加率(o/oo)
109年 7月/ 自然增加率(o/oo),桃園市,0.25,109年 7月,自然增加率(o/oo)
109年 7月/ 社會增加率(o/oo),桃園市,0.61,109年 7月,社會增加率(o/oo)
109年 8月/ 人口數(人),桃園市,2262440.0,109年 8月,人口數(人)
109年 8月/ 總增加率(o/oo),桃園市,1.06,109年 8月,總增加率(o/oo)
109年 8月/ 自然增加率(o/oo),桃園市,0.33,109年 8月,自然增加率(o/oo)
109年 8月/ 社會增加率(o/oo),桃園市,0.73,109年 8月,社會增加率(o/oo)
109年 9月/ 人口數(人),桃園市,2264231.0,109年 9月,人口數(人)
109年 9月/ 總增加率(o/oo),桃園市,0.79,109年 9月,總增加率(o/oo)
109年 9月/ 自然增加率(o/oo),桃園市,0.35,109年 9月,自然增加率(o/oo)
109年 9月/ 社會增加率(o/oo),桃園市,0.45,109年 9月,社會增加率(o/oo)
109年 10月/ 人口數(人),桃園市,2265940.0,109年 10月,人口數(人)
109年 10月/ 總增加率(o/oo),桃園市,0.75,109年 10月,總增加率(o/oo)
109年 10月/ 自然增加率(o/oo),桃園市,0.37,109年 10月,自然增加率(o/oo)
109年 10月/ 社會增加率(o/oo),桃園市,0.38,109年 10月,社會增加率(o/oo)
109年 (1~10月)/ 人口數(人),臺中市,2817547.0,109年 (1~10月),人口數(人)
109年 (1~10月)/ 總增加率(o/oo),臺中市,0.81,109年 (1~10月),總增加率(o/oo)
109年 (1~10月)/ 自然增加率(o/oo),臺中市,0.42,109年 (1~10月),自然增加率(o/oo)
109年 (1~10月)/ 社會增加率(o/oo),臺中市,0.39,109年 (1~10月),社會增加率(o/oo)
109年 1月/ 人口數(人),臺中市,2815704.0,109年 1月,人口數(人)
109年 1月/ 總增加率(o/oo),臺中市,0.16,109年 1月,總增加率(o/oo)
109年 1月/ 自然增加率(o/oo),臺中市,-0.04,109年 1月,自然增加率(o/oo)
109年 1月/ 社會增加率(o/oo),臺中市,0.19,109年 1月,社會增加率(o/oo)
109年 2月/ 人口數(人),臺中市,2816052.0,109年 2月,人口數(人)
109年 2月/ 總增加率(o/oo),臺中市,0.12,109年 2月,總增加率(o/oo)
109年 2月/ 自然增加率(o/oo),臺中市,-0.0,109年 2月,自然增加率(o/oo)
109年 2月/ 社會增加率(o/oo),臺中市,0.13,109年 2月,社會增加率(o/oo)
109年 3月/ 人口數(人),臺中市,2816667.0,109年 3月,人口數(人)
109年 3月/ 總增加率(o/oo),臺中市,0.22,109年 3月,總增加率(o/oo)
109年 3月/ 自然增加率(o/oo),臺中市,0.04,109年 3月,自然增加率(o/oo)
109年 3月/ 社會增加率(o/oo),臺中市,0.18,109年 3月,社會增加率(o/oo)
109年 4月/ 人口數(人),臺中市,2816741.0,109年 4月,人口數(人)
109年 4月/ 總增加率(o/oo),臺中市,0.03,109年 4月,總增加率(o/oo)
109年 4月/ 自然增加率(o/oo),臺中市,0.03,109年 4月,自然增加率(o/oo)
109年 4月/ 社會增加率(o/oo),臺中市,-0.0,109年 4月,社會增加率(o/oo)
109年 5月/ 人口數(人),臺中市,2816494.0,109年 5月,人口數(人)
109年 5月/ 總增加率(o/oo),臺中市,-0.09,109年 5月,總增加率(o/oo)
109年 5月/ 自然增加率(o/oo),臺中市,0.02,109年 5月,自然增加率(o/oo)
109年 5月/ 社會增加率(o/oo),臺中市,-0.11,109年 5月,社會增加率(o/oo)
109年 6月/ 人口數(人),臺中市,2816917.0,109年 6月,人口數(人)
109年 6月/ 總增加率(o/oo),臺中市,0.15,109年 6月,總增加率(o/oo)
109年 6月/ 自然增加率(o/oo),臺中市,0.14,109年 6月,自然增加率(o/oo)
109年 6月/ 社會增加率(o/oo),臺中市,0.01,109年 6月,社會增加率(o/oo)
109年 7月/ 人口數(人),臺中市,2816792.0,109年 7月,人口數(人)
109年 7月/ 總增加率(o/oo),臺中市,-0.04,109年 7月,總增加率(o/oo)
109年 7月/ 自然增加率(o/oo),臺中市,-0.02,109年 7月,自然增加率(o/oo)
109年 7月/ 社會增加率(o/oo),臺中市,-0.03,109年 7月,社會增加率(o/oo)
109年 8月/ 人口數(人),臺中市,2816819.0,109年 8月,人口數(人)
109年 8月/ 總增加率(o/oo),臺中市,0.01,109年 8月,總增加率(o/oo)
109年 8月/ 自然增加率(o/oo),臺中市,0.04,109年 8月,自然增加率(o/oo)
109年 8月/ 社會增加率(o/oo),臺中市,-0.03,109年 8月,社會增加率(o/oo)
109年 9月/ 人口數(人),臺中市,2816779.0,109年 9月,人口數(人)
109年 9月/ 總增加率(o/oo),臺中市,-0.01,109年 9月,總增加率(o/oo)
109年 9月/ 自然增加率(o/oo),臺中市,0.1,109年 9月,自然增加率(o/oo)
109年 9月/ 社會增加率(o/oo),臺中市,-0.11,109年 9月,社會增加率(o/oo)
109年 10月/ 人口數(人),臺中市,2817547.0,109年 10月,人口數(人)
109年 10月/ 總增加率(o/oo),臺中市,0.27,109年 10月,總增加率(o/oo)
109年 10月/ 自然增加率(o/oo),臺中市,0.11,109年 10月,自然增加率(o/oo)
109年 10月/ 社會增加率(o/oo),臺中市,0.17,109年 10月,社會增加率(o/oo)
109年 (1~10月)/ 人口數(人),臺南市,1875909.0,109年 (1~10月),人口數(人)
109年 (1~10月)/ 總增加率(o/oo),臺南市,-2.66,109年 (1~10月),總增加率(o/oo)
109年 (1~10月)/ 自然增加率(o/oo),臺南市,-2.16,109年 (1~10月),自然增加率(o/oo)
109年 (1~10月)/ 社會增加率(o/oo),臺南市,-0.5,109年 (1~10月),社會增加率(o/oo)
109年 1月/ 人口數(人),臺南市,1880216.0,109年 1月,人口數(人)
109年 1月/ 總增加率(o/oo),臺南市,-0.37,109年 1月,總增加率(o/oo)
109年 1月/ 自然增加率(o/oo),臺南市,-0.24,109年 1月,自然增加率(o/oo)
109年 1月/ 社會增加率(o/oo),臺南市,-0.13,109年 1月,社會增加率(o/oo)
109年 2月/ 人口數(人),臺南市,1879647.0,109年 2月,人口數(人)
109年 2月/ 總增加率(o/oo),臺南市,-0.3,109年 2月,總增加率(o/oo)
109年 2月/ 自然增加率(o/oo),臺南市,-0.3,109年 2月,自然增加率(o/oo)
109年 2月/ 社會增加率(o/oo),臺南市,0.0,109年 2月,社會增加率(o/oo)
109年 3月/ 人口數(人),臺南市,1879115.0,109年 3月,人口數(人)
109年 3月/ 總增加率(o/oo),臺南市,-0.28,109年 3月,總增加率(o/oo)
109年 3月/ 自然增加率(o/oo),臺南市,-0.21,109年 3月,自然增加率(o/oo)
109年 3月/ 社會增加率(o/oo),臺南市,-0.07,109年 3月,社會增加率(o/oo)
109年 4月/ 人口數(人),臺南市,1878845.0,109年 4月,人口數(人)
109年 4月/ 總增加率(o/oo),臺南市,-0.14,109年 4月,總增加率(o/oo)
109年 4月/ 自然增加率(o/oo),臺南市,-0.22,109年 4月,自然增加率(o/oo)
109年 4月/ 社會增加率(o/oo),臺南市,0.08,109年 4月,社會增加率(o/oo)
109年 5月/ 人口數(人),臺南市,1878253.0,109年 5月,人口數(人)
109年 5月/ 總增加率(o/oo),臺南市,-0.32,109年 5月,總增加率(o/oo)
109年 5月/ 自然增加率(o/oo),臺南市,-0.18,109年 5月,自然增加率(o/oo)
109年 5月/ 社會增加率(o/oo),臺南市,-0.14,109年 5月,社會增加率(o/oo)
109年 6月/ 人口數(人),臺南市,1877891.0,109年 6月,人口數(人)
109年 6月/ 總增加率(o/oo),臺南市,-0.19,109年 6月,總增加率(o/oo)
109年 6月/ 自然增加率(o/oo),臺南市,-0.2,109年 6月,自然增加率(o/oo)
109年 6月/ 社會增加率(o/oo),臺南市,0.0,109年 6月,社會增加率(o/oo)
109年 7月/ 人口數(人),臺南市,1877294.0,109年 7月,人口數(人)
109年 7月/ 總增加率(o/oo),臺南市,-0.32,109年 7月,總增加率(o/oo)
109年 7月/ 自然增加率(o/oo),臺南市,-0.27,109年 7月,自然增加率(o/oo)
109年 7月/ 社會增加率(o/oo),臺南市,-0.05,109年 7月,社會增加率(o/oo)
109年 8月/ 人口數(人),臺南市,1876829.0,109年 8月,人口數(人)
109年 8月/ 總增加率(o/oo),臺南市,-0.25,109年 8月,總增加率(o/oo)
109年 8月/ 自然增加率(o/oo),臺南市,-0.21,109年 8月,自然增加率(o/oo)
109年 8月/ 社會增加率(o/oo),臺南市,-0.04,109年 8月,社會增加率(o/oo)
109年 9月/ 人口數(人),臺南市,1876364.0,109年 9月,人口數(人)
109年 9月/ 總增加率(o/oo),臺南市,-0.25,109年 9月,總增加率(o/oo)
109年 9月/ 自然增加率(o/oo),臺南市,-0.15,109年 9月,自然增加率(o/oo)
109年 9月/ 社會增加率(o/oo),臺南市,-0.1,109年 9月,社會增加率(o/oo)
109年 10月/ 人口數(人),臺南市,1875909.0,109年 10月,人口數(人)
109年 10月/ 總增加率(o/oo),臺南市,-0.24,109年 10月,總增加率(o/oo)
109年 10月/ 自然增加率(o/oo),臺南市,-0.18,109年 10月,自然增加率(o/oo)
109年 10月/ 社會增加率(o/oo),臺南市,-0.06,109年 10月,社會增加率(o/oo)
109年 (1~10月)/ 人口數(人),高雄市,2767383.0,109年 (1~10月),人口數(人)
109年 (1~10月)/ 總增加率(o/oo),高雄市,-2.1,109年 (1~10月),總增加率(o/oo)
109年 (1~10月)/ 自然增加率(o/oo),高雄市,-1.04,109年 (1~10月),自然增加率(o/oo)
109年 (1~10月)/ 社會增加率(o/oo),高雄市,-1.06,109年 (1~10月),社會增加率(o/oo)
109年 1月/ 人口數(人),高雄市,2774571.0,109年 1月,人口數(人)
109年 1月/ 總增加率(o/oo),高雄市,0.49,109年 1月,總增加率(o/oo)
109年 1月/ 自然增加率(o/oo),高雄市,-0.17,109年 1月,自然增加率(o/oo)
109年 1月/ 社會增加率(o/oo),高雄市,0.66,109年 1月,社會增加率(o/oo)
109年 2月/ 人口數(人),高雄市,2774316.0,109年 2月,人口數(人)
109年 2月/ 總增加率(o/oo),高雄市,-0.09,109年 2月,總增加率(o/oo)
109年 2月/ 自然增加率(o/oo),高雄市,-0.19,109年 2月,自然增加率(o/oo)
109年 2月/ 社會增加率(o/oo),高雄市,0.1,109年 2月,社會增加率(o/oo)
109年 3月/ 人口數(人),高雄市,2773984.0,109年 3月,人口數(人)
109年 3月/ 總增加率(o/oo),高雄市,-0.12,109年 3月,總增加率(o/oo)
109年 3月/ 自然增加率(o/oo),高雄市,-0.18,109年 3月,自然增加率(o/oo)
109年 3月/ 社會增加率(o/oo),高雄市,0.06,109年 3月,社會增加率(o/oo)
109年 4月/ 人口數(人),高雄市,2773401.0,109年 4月,人口數(人)
109年 4月/ 總增加率(o/oo),高雄市,-0.21,109年 4月,總增加率(o/oo)
109年 4月/ 自然增加率(o/oo),高雄市,-0.08,109年 4月,自然增加率(o/oo)
109年 4月/ 社會增加率(o/oo),高雄市,-0.13,109年 4月,社會增加率(o/oo)
109年 5月/ 人口數(人),高雄市,2772834.0,109年 5月,人口數(人)
109年 5月/ 總增加率(o/oo),高雄市,-0.2,109年 5月,總增加率(o/oo)
109年 5月/ 自然增加率(o/oo),高雄市,-0.12,109年 5月,自然增加率(o/oo)
109年 5月/ 社會增加率(o/oo),高雄市,-0.09,109年 5月,社會增加率(o/oo)
109年 6月/ 人口數(人),高雄市,2771846.0,109年 6月,人口數(人)
109年 6月/ 總增加率(o/oo),高雄市,-0.36,109年 6月,總增加率(o/oo)
109年 6月/ 自然增加率(o/oo),高雄市,-0.06,109年 6月,自然增加率(o/oo)
109年 6月/ 社會增加率(o/oo),高雄市,-0.3,109年 6月,社會增加率(o/oo)
109年 7月/ 人口數(人),高雄市,2770654.0,109年 7月,人口數(人)
109年 7月/ 總增加率(o/oo),高雄市,-0.43,109年 7月,總增加率(o/oo)
109年 7月/ 自然增加率(o/oo),高雄市,-0.14,109年 7月,自然增加率(o/oo)
109年 7月/ 社會增加率(o/oo),高雄市,-0.29,109年 7月,社會增加率(o/oo)
109年 8月/ 人口數(人),高雄市,2769434.0,109年 8月,人口數(人)
109年 8月/ 總增加率(o/oo),高雄市,-0.44,109年 8月,總增加率(o/oo)
109年 8月/ 自然增加率(o/oo),高雄市,-0.09,109年 8月,自然增加率(o/oo)
109年 8月/ 社會增加率(o/oo),高雄市,-0.35,109年 8月,社會增加率(o/oo)
109年 9月/ 人口數(人),高雄市,2767931.0,109年 9月,人口數(人)
109年 9月/ 總增加率(o/oo),高雄市,-0.54,109年 9月,總增加率(o/oo)
109年 9月/ 自然增加率(o/oo),高雄市,-0.04,109年 9月,自然增加率(o/oo)
109年 9月/ 社會增加率(o/oo),高雄市,-0.5,109年 9月,社會增加率(o/oo)
109年 10月/ 人口數(人),高雄市,2767383.0,109年 10月,人口數(人)
109年 10月/ 總增加率(o/oo),高雄市,-0.2,109年 10月,總增加率(o/oo)
109年 10月/ 自然增加率(o/oo),高雄市,0.02,109年 10月,自然增加率(o/oo)
109年 10月/ 社會增加率(o/oo),高雄市,-0.22,109年 10月,社會增加率(o/oo)
109年 (1~10月)/ 人口數(人),宜蘭縣,453309.0,109年 (1~10月),人口數(人)
109年 (1~10月)/ 總增加率(o/oo),宜蘭縣,-1.92,109年 (1~10月),總增加率(o/oo)
109年 (1~10月)/ 自然增加率(o/oo),宜蘭縣,-2.04,109年 (1~10月),自然增加率(o/oo)
109年 (1~10月)/ 社會增加率(o/oo),宜蘭縣,0.13,109年 (1~10月),社會增加率(o/oo)
109年 1月/ 人口數(人),宜蘭縣,454161.0,109年 1月,人口數(人)
109年 1月/ 總增加率(o/oo),宜蘭縣,-0.04,109年 1月,總增加率(o/oo)
109年 1月/ 自然增加率(o/oo),宜蘭縣,-0.25,109年 1月,自然增加率(o/oo)
109年 1月/ 社會增加率(o/oo),宜蘭縣,0.21,109年 1月,社會增加率(o/oo)
109年 2月/ 人口數(人),宜蘭縣,454099.0,109年 2月,人口數(人)
109年 2月/ 總增加率(o/oo),宜蘭縣,-0.14,109年 2月,總增加率(o/oo)
109年 2月/ 自然增加率(o/oo),宜蘭縣,-0.24,109年 2月,自然增加率(o/oo)
109年 2月/ 社會增加率(o/oo),宜蘭縣,0.11,109年 2月,社會增加率(o/oo)
109年 3月/ 人口數(人),宜蘭縣,453951.0,109年 3月,人口數(人)
109年 3月/ 總增加率(o/oo),宜蘭縣,-0.33,109年 3月,總增加率(o/oo)
109年 3月/ 自然增加率(o/oo),宜蘭縣,-0.28,109年 3月,自然增加率(o/oo)
109年 3月/ 社會增加率(o/oo),宜蘭縣,-0.04,109年 3月,社會增加率(o/oo)
109年 4月/ 人口數(人),宜蘭縣,453915.0,109年 4月,人口數(人)
109年 4月/ 總增加率(o/oo),宜蘭縣,-0.08,109年 4月,總增加率(o/oo)
109年 4月/ 自然增加率(o/oo),宜蘭縣,-0.15,109年 4月,自然增加率(o/oo)
109年 4月/ 社會增加率(o/oo),宜蘭縣,0.07,109年 4月,社會增加率(o/oo)
109年 5月/ 人口數(人),宜蘭縣,453970.0,109年 5月,人口數(人)
109年 5月/ 總增加率(o/oo),宜蘭縣,0.12,109年 5月,總增加率(o/oo)
109年 5月/ 自然增加率(o/oo),宜蘭縣,-0.11,109年 5月,自然增加率(o/oo)
109年 5月/ 社會增加率(o/oo),宜蘭縣,0.23,109年 5月,社會增加率(o/oo)
109年 6月/ 人口數(人),宜蘭縣,453891.0,109年 6月,人口數(人)
109年 6月/ 總增加率(o/oo),宜蘭縣,-0.17,109年 6月,總增加率(o/oo)
109年 6月/ 自然增加率(o/oo),宜蘭縣,-0.21,109年 6月,自然增加率(o/oo)
109年 6月/ 社會增加率(o/oo),宜蘭縣,0.04,109年 6月,社會增加率(o/oo)
109年 7月/ 人口數(人),宜蘭縣,453760.0,109年 7月,人口數(人)
109年 7月/ 總增加率(o/oo),宜蘭縣,-0.29,109年 7月,總增加率(o/oo)
109年 7月/ 自然增加率(o/oo),宜蘭縣,-0.3,109年 7月,自然增加率(o/oo)
109年 7月/ 社會增加率(o/oo),宜蘭縣,0.01,109年 7月,社會增加率(o/oo)
109年 8月/ 人口數(人),宜蘭縣,453646.0,109年 8月,人口數(人)
109年 8月/ 總增加率(o/oo),宜蘭縣,-0.25,109年 8月,總增加率(o/oo)
109年 8月/ 自然增加率(o/oo),宜蘭縣,-0.23,109年 8月,自然增加率(o/oo)
109年 8月/ 社會增加率(o/oo),宜蘭縣,-0.02,109年 8月,社會增加率(o/oo)
109年 9月/ 人口數(人),宜蘭縣,453452.0,109年 9月,人口數(人)
109年 9月/ 總增加率(o/oo),宜蘭縣,-0.43,109年 9月,總增加率(o/oo)
109年 9月/ 自然增加率(o/oo),宜蘭縣,-0.15,109年 9月,自然增加率(o/oo)
109年 9月/ 社會增加率(o/oo),宜蘭縣,-0.28,109年 9月,社會增加率(o/oo)
109年 10月/ 人口數(人),宜蘭縣,453309.0,109年 10月,人口數(人)
109年 10月/ 總增加率(o/oo),宜蘭縣,-0.32,109年 10月,總增加率(o/oo)
109年 10月/ 自然增加率(o/oo),宜蘭縣,-0.11,109年 10月,自然增加率(o/oo)
109年 10月/ 社會增加率(o/oo),宜蘭縣,-0.2,109年 10月,社會增加率(o/oo)
109年 (1~10月)/ 人口數(人),新竹縣,569565.0,109年 (1~10月),人口數(人)
109年 (1~10月)/ 總增加率(o/oo),新竹縣,9.94,109年 (1~10月),總增加率(o/oo)
109年 (1~10月)/ 自然增加率(o/oo),新竹縣,0.35,109年 (1~10月),自然增加率(o/oo)
109年 (1~10月)/ 社會增加率(o/oo),新竹縣,9.59,109年 (1~10月),社會增加率(o/oo)
109年 1月/ 人口數(人),新竹縣,564296.0,109年 1月,人口數(人)
109年 1月/ 總增加率(o/oo),新竹縣,0.64,109年 1月,總增加率(o/oo)
109年 1月/ 自然增加率(o/oo),新竹縣,-0.03,109年 1月,自然增加率(o/oo)
109年 1月/ 社會增加率(o/oo),新竹縣,0.67,109年 1月,社會增加率(o/oo)
109年 2月/ 人口數(人),新竹縣,564832.0,109年 2月,人口數(人)
109年 2月/ 總增加率(o/oo),新竹縣,0.95,109年 2月,總增加率(o/oo)
109年 2月/ 自然增加率(o/oo),新竹縣,-0.09,109年 2月,自然增加率(o/oo)
109年 2月/ 社會增加率(o/oo),新竹縣,1.04,109年 2月,社會增加率(o/oo)
109年 3月/ 人口數(人),新竹縣,565272.0,109年 3月,人口數(人)
109年 3月/ 總增加率(o/oo),新竹縣,0.78,109年 3月,總增加率(o/oo)
109年 3月/ 自然增加率(o/oo),新竹縣,-0.04,109年 3月,自然增加率(o/oo)
109年 3月/ 社會增加率(o/oo),新竹縣,0.82,109年 3月,社會增加率(o/oo)
109年 4月/ 人口數(人),新竹縣,565851.0,109年 4月,人口數(人)
109年 4月/ 總增加率(o/oo),新竹縣,1.02,109年 4月,總增加率(o/oo)
109年 4月/ 自然增加率(o/oo),新竹縣,0.01,109年 4月,自然增加率(o/oo)
109年 4月/ 社會增加率(o/oo),新竹縣,1.02,109年 4月,社會增加率(o/oo)
109年 5月/ 人口數(人),新竹縣,566434.0,109年 5月,人口數(人)
109年 5月/ 總增加率(o/oo),新竹縣,1.03,109年 5月,總增加率(o/oo)
109年 5月/ 自然增加率(o/oo),新竹縣,0.01,109年 5月,自然增加率(o/oo)
109年 5月/ 社會增加率(o/oo),新竹縣,1.02,109年 5月,社會增加率(o/oo)
109年 6月/ 人口數(人),新竹縣,566998.0,109年 6月,人口數(人)
109年 6月/ 總增加率(o/oo),新竹縣,1.0,109年 6月,總增加率(o/oo)
109年 6月/ 自然增加率(o/oo),新竹縣,0.09,109年 6月,自然增加率(o/oo)
109年 6月/ 社會增加率(o/oo),新竹縣,0.9,109年 6月,社會增加率(o/oo)
109年 7月/ 人口數(人),新竹縣,567807.0,109年 7月,人口數(人)
109年 7月/ 總增加率(o/oo),新竹縣,1.43,109年 7月,總增加率(o/oo)
109年 7月/ 自然增加率(o/oo),新竹縣,0.07,109年 7月,自然增加率(o/oo)
109年 7月/ 社會增加率(o/oo),新竹縣,1.35,109年 7月,社會增加率(o/oo)
109年 8月/ 人口數(人),新竹縣,568516.0,109年 8月,人口數(人)
109年 8月/ 總增加率(o/oo),新竹縣,1.25,109年 8月,總增加率(o/oo)
109年 8月/ 自然增加率(o/oo),新竹縣,0.14,109年 8月,自然增加率(o/oo)
109年 8月/ 社會增加率(o/oo),新竹縣,1.11,109年 8月,社會增加率(o/oo)
109年 9月/ 人口數(人),新竹縣,569199.0,109年 9月,人口數(人)
109年 9月/ 總增加率(o/oo),新竹縣,1.2,109年 9月,總增加率(o/oo)
109年 9月/ 自然增加率(o/oo),新竹縣,0.09,109年 9月,自然增加率(o/oo)
109年 9月/ 社會增加率(o/oo),新竹縣,1.11,109年 9月,社會增加率(o/oo)
109年 10月/ 人口數(人),新竹縣,569565.0,109年 10月,人口數(人)
109年 10月/ 總增加率(o/oo),新竹縣,0.64,109年 10月,總增加率(o/oo)
109年 10月/ 自然增加率(o/oo),新竹縣,0.09,109年 10月,自然增加率(o/oo)
109年 10月/ 社會增加率(o/oo),新竹縣,0.55,109年 10月,社會增加率(o/oo)
109年 (1~10月)/ 人口數(人),苗栗縣,543287.0,109年 (1~10月),人口數(人)
109年 (1~10月)/ 總增加率(o/oo),苗栗縣,-3.99,109年 (1~10月),總增加率(o/oo)
109年 (1~10月)/ 自然增加率(o/oo),苗栗縣,-3.37,109年 (1~10月),自然增加率(o/oo)
109年 (1~10月)/ 社會增加率(o/oo),苗栗縣,-0.62,109年 (1~10月),社會增加率(o/oo)
109年 1月/ 人口數(人),苗栗縣,545433.0,109年 1月,人口數(人)
109年 1月/ 總增加率(o/oo),苗栗縣,-0.05,109年 1月,總增加率(o/oo)
109年 1月/ 自然增加率(o/oo),苗栗縣,-0.3,109年 1月,自然增加率(o/oo)
109年 1月/ 社會增加率(o/oo),苗栗縣,0.25,109年 1月,社會增加率(o/oo)
109年 2月/ 人口數(人),苗栗縣,545158.0,109年 2月,人口數(人)
109年 2月/ 總增加率(o/oo),苗栗縣,-0.5,109年 2月,總增加率(o/oo)
109年 2月/ 自然增加率(o/oo),苗栗縣,-0.5,109年 2月,自然增加率(o/oo)
109年 2月/ 社會增加率(o/oo),苗栗縣,-0.0,109年 2月,社會增加率(o/oo)
109年 3月/ 人口數(人),苗栗縣,544762.0,109年 3月,人口數(人)
109年 3月/ 總增加率(o/oo),苗栗縣,-0.73,109年 3月,總增加率(o/oo)
109年 3月/ 自然增加率(o/oo),苗栗縣,-0.5,109年 3月,自然增加率(o/oo)
109年 3月/ 社會增加率(o/oo),苗栗縣,-0.23,109年 3月,社會增加率(o/oo)
109年 4月/ 人口數(人),苗栗縣,544548.0,109年 4月,人口數(人)
109年 4月/ 總增加率(o/oo),苗栗縣,-0.39,109年 4月,總增加率(o/oo)
109年 4月/ 自然增加率(o/oo),苗栗縣,-0.37,109年 4月,自然增加率(o/oo)
109年 4月/ 社會增加率(o/oo),苗栗縣,-0.02,109年 4月,社會增加率(o/oo)
109年 5月/ 人口數(人),苗栗縣,544339.0,109年 5月,人口數(人)
109年 5月/ 總增加率(o/oo),苗栗縣,-0.38,109年 5月,總增加率(o/oo)
109年 5月/ 自然增加率(o/oo),苗栗縣,-0.26,109年 5月,自然增加率(o/oo)
109年 5月/ 社會增加率(o/oo),苗栗縣,-0.12,109年 5月,社會增加率(o/oo)
109年 6月/ 人口數(人),苗栗縣,544135.0,109年 6月,人口數(人)
109年 6月/ 總增加率(o/oo),苗栗縣,-0.37,109年 6月,總增加率(o/oo)
109年 6月/ 自然增加率(o/oo),苗栗縣,-0.25,109年 6月,自然增加率(o/oo)
109年 6月/ 社會增加率(o/oo),苗栗縣,-0.12,109年 6月,社會增加率(o/oo)
109年 7月/ 人口數(人),苗栗縣,543803.0,109年 7月,人口數(人)
109年 7月/ 總增加率(o/oo),苗栗縣,-0.61,109年 7月,總增加率(o/oo)
109年 7月/ 自然增加率(o/oo),苗栗縣,-0.42,109年 7月,自然增加率(o/oo)
109年 7月/ 社會增加率(o/oo),苗栗縣,-0.19,109年 7月,社會增加率(o/oo)
109年 8月/ 人口數(人),苗栗縣,543711.0,109年 8月,人口數(人)
109年 8月/ 總增加率(o/oo),苗栗縣,-0.17,109年 8月,總增加率(o/oo)
109年 8月/ 自然增加率(o/oo),苗栗縣,-0.24,109年 8月,自然增加率(o/oo)
109年 8月/ 社會增加率(o/oo),苗栗縣,0.07,109年 8月,社會增加率(o/oo)
109年 9月/ 人口數(人),苗栗縣,543513.0,109年 9月,人口數(人)
109年 9月/ 總增加率(o/oo),苗栗縣,-0.36,109年 9月,總增加率(o/oo)
109年 9月/ 自然增加率(o/oo),苗栗縣,-0.27,109年 9月,自然增加率(o/oo)
109年 9月/ 社會增加率(o/oo),苗栗縣,-0.09,109年 9月,社會增加率(o/oo)
109年 10月/ 人口數(人),苗栗縣,543287.0,109年 10月,人口數(人)
109年 10月/ 總增加率(o/oo),苗栗縣,-0.42,109年 10月,總增加率(o/oo)
109年 10月/ 自然增加率(o/oo),苗栗縣,-0.25,109年 10月,自然增加率(o/oo)
109年 10月/ 社會增加率(o/oo),苗栗縣,-0.17,109年 10月,社會增加率(o/oo)
109年 (1~10月)/ 人口數(人),彰化縣,1267786.0,109年 (1~10月),人口數(人)
109年 (1~10月)/ 總增加率(o/oo),彰化縣,-3.95,109年 (1~10月),總增加率(o/oo)
109年 (1~10月)/ 自然增加率(o/oo),彰化縣,0.85,109年 (1~10月),自然增加率(o/oo)
109年 (1~10月)/ 社會增加率(o/oo),彰化縣,-4.8,109年 (1~10月),社會增加率(o/oo)
109年 1月/ 人口數(人),彰化縣,1272449.0,109年 1月,人口數(人)
109年 1月/ 總增加率(o/oo),彰化縣,-0.28,109年 1月,總增加率(o/oo)
109年 1月/ 自然增加率(o/oo),彰化縣,0.05,109年 1月,自然增加率(o/oo)
109年 1月/ 社會增加率(o/oo),彰化縣,-0.33,109年 1月,社會增加率(o/oo)
109年 2月/ 人口數(人),彰化縣,1271761.0,109年 2月,人口數(人)
109年 2月/ 總增加率(o/oo),彰化縣,-0.54,109年 2月,總增加率(o/oo)
109年 2月/ 自然增加率(o/oo),彰化縣,-0.02,109年 2月,自然增加率(o/oo)
109年 2月/ 社會增加率(o/oo),彰化縣,-0.52,109年 2月,社會增加率(o/oo)
109年 3月/ 人口數(人),彰化縣,1271015.0,109年 3月,人口數(人)
109年 3月/ 總增加率(o/oo),彰化縣,-0.59,109年 3月,總增加率(o/oo)
109年 3月/ 自然增加率(o/oo),彰化縣,0.06,109年 3月,自然增加率(o/oo)
109年 3月/ 社會增加率(o/oo),彰化縣,-0.65,109年 3月,社會增加率(o/oo)
109年 4月/ 人口數(人),彰化縣,1270521.0,109年 4月,人口數(人)
109年 4月/ 總增加率(o/oo),彰化縣,-0.39,109年 4月,總增加率(o/oo)
109年 4月/ 自然增加率(o/oo),彰化縣,0.06,109年 4月,自然增加率(o/oo)
109年 4月/ 社會增加率(o/oo),彰化縣,-0.44,109年 4月,社會增加率(o/oo)
109年 5月/ 人口數(人),彰化縣,1269953.0,109年 5月,人口數(人)
109年 5月/ 總增加率(o/oo),彰化縣,-0.45,109年 5月,總增加率(o/oo)
109年 5月/ 自然增加率(o/oo),彰化縣,0.01,109年 5月,自然增加率(o/oo)
109年 5月/ 社會增加率(o/oo),彰化縣,-0.46,109年 5月,社會增加率(o/oo)
109年 6月/ 人口數(人),彰化縣,1269791.0,109年 6月,人口數(人)
109年 6月/ 總增加率(o/oo),彰化縣,-0.13,109年 6月,總增加率(o/oo)
109年 6月/ 自然增加率(o/oo),彰化縣,0.23,109年 6月,自然增加率(o/oo)
109年 6月/ 社會增加率(o/oo),彰化縣,-0.36,109年 6月,社會增加率(o/oo)
109年 7月/ 人口數(人),彰化縣,1269395.0,109年 7月,人口數(人)
109年 7月/ 總增加率(o/oo),彰化縣,-0.31,109年 7月,總增加率(o/oo)
109年 7月/ 自然增加率(o/oo),彰化縣,0.05,109年 7月,自然增加率(o/oo)
109年 7月/ 社會增加率(o/oo),彰化縣,-0.36,109年 7月,社會增加率(o/oo)
109年 8月/ 人口數(人),彰化縣,1268766.0,109年 8月,人口數(人)
109年 8月/ 總增加率(o/oo),彰化縣,-0.5,109年 8月,總增加率(o/oo)
109年 8月/ 自然增加率(o/oo),彰化縣,0.12,109年 8月,自然增加率(o/oo)
109年 8月/ 社會增加率(o/oo),彰化縣,-0.61,109年 8月,社會增加率(o/oo)
109年 9月/ 人口數(人),彰化縣,1267988.0,109年 9月,人口數(人)
109年 9月/ 總增加率(o/oo),彰化縣,-0.61,109年 9月,總增加率(o/oo)
109年 9月/ 自然增加率(o/oo),彰化縣,0.12,109年 9月,自然增加率(o/oo)
109年 9月/ 社會增加率(o/oo),彰化縣,-0.73,109年 9月,社會增加率(o/oo)
109年 10月/ 人口數(人),彰化縣,1267786.0,109年 10月,人口數(人)
109年 10月/ 總增加率(o/oo),彰化縣,-0.16,109年 10月,總增加率(o/oo)
109年 10月/ 自然增加率(o/oo),彰化縣,0.17,109年 10月,自然增加率(o/oo)
109年 10月/ 社會增加率(o/oo),彰化縣,-0.33,109年 10月,社會增加率(o/oo)
109年 (1~10月)/ 人口數(人),南投縣,491546.0,109年 (1~10月),人口數(人)
109年 (1~10月)/ 總增加率(o/oo),南投縣,-5.21,109年 (1~10月),總增加率(o/oo)
109年 (1~10月)/ 自然增加率(o/oo),南投縣,-2.86,109年 (1~10月),自然增加率(o/oo)
109年 (1~10月)/ 社會增加率(o/oo),南投縣,-2.35,109年 (1~10月),社會增加率(o/oo)
109年 1月/ 人口數(人),南投縣,493984.0,109年 1月,人口數(人)
109年 1月/ 總增加率(o/oo),南投縣,-0.26,109年 1月,總增加率(o/oo)
109年 1月/ 自然增加率(o/oo),南投縣,-0.28,109年 1月,自然增加率(o/oo)
109年 1月/ 社會增加率(o/oo),南投縣,0.02,109年 1月,社會增加率(o/oo)
109年 2月/ 人口數(人),南投縣,493743.0,109年 2月,人口數(人)
109年 2月/ 總增加率(o/oo),南投縣,-0.49,109年 2月,總增加率(o/oo)
109年 2月/ 自然增加率(o/oo),南投縣,-0.43,109年 2月,自然增加率(o/oo)
109年 2月/ 社會增加率(o/oo),南投縣,-0.06,109年 2月,社會增加率(o/oo)
109年 3月/ 人口數(人),南投縣,493403.0,109年 3月,人口數(人)
109年 3月/ 總增加率(o/oo),南投縣,-0.69,109年 3月,總增加率(o/oo)
109年 3月/ 自然增加率(o/oo),南投縣,-0.38,109年 3月,自然增加率(o/oo)
109年 3月/ 社會增加率(o/oo),南投縣,-0.31,109年 3月,社會增加率(o/oo)
109年 4月/ 人口數(人),南投縣,493138.0,109年 4月,人口數(人)
109年 4月/ 總增加率(o/oo),南投縣,-0.54,109年 4月,總增加率(o/oo)
109年 4月/ 自然增加率(o/oo),南投縣,-0.33,109年 4月,自然增加率(o/oo)
109年 4月/ 社會增加率(o/oo),南投縣,-0.21,109年 4月,社會增加率(o/oo)
109年 5月/ 人口數(人),南投縣,492877.0,109年 5月,人口數(人)
109年 5月/ 總增加率(o/oo),南投縣,-0.53,109年 5月,總增加率(o/oo)
109年 5月/ 自然增加率(o/oo),南投縣,-0.25,109年 5月,自然增加率(o/oo)
109年 5月/ 社會增加率(o/oo),南投縣,-0.28,109年 5月,社會增加率(o/oo)
109年 6月/ 人口數(人),南投縣,492733.0,109年 6月,人口數(人)
109年 6月/ 總增加率(o/oo),南投縣,-0.29,109年 6月,總增加率(o/oo)
109年 6月/ 自然增加率(o/oo),南投縣,-0.19,109年 6月,自然增加率(o/oo)
109年 6月/ 社會增加率(o/oo),南投縣,-0.11,109年 6月,社會增加率(o/oo)
109年 7月/ 人口數(人),南投縣,492410.0,109年 7月,人口數(人)
109年 7月/ 總增加率(o/oo),南投縣,-0.66,109年 7月,總增加率(o/oo)
109年 7月/ 自然增加率(o/oo),南投縣,-0.33,109年 7月,自然增加率(o/oo)
109年 7月/ 社會增加率(o/oo),南投縣,-0.33,109年 7月,社會增加率(o/oo)
109年 8月/ 人口數(人),南投縣,492168.0,109年 8月,人口數(人)
109年 8月/ 總增加率(o/oo),南投縣,-0.49,109年 8月,總增加率(o/oo)
109年 8月/ 自然增加率(o/oo),南投縣,-0.19,109年 8月,自然增加率(o/oo)
109年 8月/ 社會增加率(o/oo),南投縣,-0.3,109年 8月,社會增加率(o/oo)
109年 9月/ 人口數(人),南投縣,491743.0,109年 9月,人口數(人)
109年 9月/ 總增加率(o/oo),南投縣,-0.86,109年 9月,總增加率(o/oo)
109年 9月/ 自然增加率(o/oo),南投縣,-0.29,109年 9月,自然增加率(o/oo)
109年 9月/ 社會增加率(o/oo),南投縣,-0.57,109年 9月,社會增加率(o/oo)
109年 10月/ 人口數(人),南投縣,491546.0,109年 10月,人口數(人)
109年 10月/ 總增加率(o/oo),南投縣,-0.4,109年 10月,總增加率(o/oo)
109年 10月/ 自然增加率(o/oo),南投縣,-0.2,109年 10月,自然增加率(o/oo)
109年 10月/ 社會增加率(o/oo),南投縣,-0.2,109年 10月,社會增加率(o/oo)
109年 (1~10月)/ 人口數(人),雲林縣,677669.0,109年 (1~10月),人口數(人)
109年 (1~10月)/ 總增加率(o/oo),雲林縣,-5.35,109年 (1~10月),總增加率(o/oo)
109年 (1~10月)/ 自然增加率(o/oo),雲林縣,-4.03,109年 (1~10月),自然增加率(o/oo)
109年 (1~10月)/ 社會增加率(o/oo),雲林縣,-1.33,109年 (1~10月),社會增加率(o/oo)
109年 1月/ 人口數(人),雲林縣,680963.0,109年 1月,人口數(人)
109年 1月/ 總增加率(o/oo),雲林縣,-0.5,109年 1月,總增加率(o/oo)
109年 1月/ 自然增加率(o/oo),雲林縣,-0.43,109年 1月,自然增加率(o/oo)
109年 1月/ 社會增加率(o/oo),雲林縣,-0.07,109年 1月,社會增加率(o/oo)
109年 2月/ 人口數(人),雲林縣,680448.0,109年 2月,人口數(人)
109年 2月/ 總增加率(o/oo),雲林縣,-0.76,109年 2月,總增加率(o/oo)
109年 2月/ 自然增加率(o/oo),雲林縣,-0.44,109年 2月,自然增加率(o/oo)
109年 2月/ 社會增加率(o/oo),雲林縣,-0.32,109年 2月,社會增加率(o/oo)
109年 3月/ 人口數(人),雲林縣,680050.0,109年 3月,人口數(人)
109年 3月/ 總增加率(o/oo),雲林縣,-0.59,109年 3月,總增加率(o/oo)
109年 3月/ 自然增加率(o/oo),雲林縣,-0.44,109年 3月,自然增加率(o/oo)
109年 3月/ 社會增加率(o/oo),雲林縣,-0.14,109年 3月,社會增加率(o/oo)
109年 4月/ 人口數(人),雲林縣,679635.0,109年 4月,人口數(人)
109年 4月/ 總增加率(o/oo),雲林縣,-0.61,109年 4月,總增加率(o/oo)
109年 4月/ 自然增加率(o/oo),雲林縣,-0.5,109年 4月,自然增加率(o/oo)
109年 4月/ 社會增加率(o/oo),雲林縣,-0.11,109年 4月,社會增加率(o/oo)
109年 5月/ 人口數(人),雲林縣,679468.0,109年 5月,人口數(人)
109年 5月/ 總增加率(o/oo),雲林縣,-0.25,109年 5月,總增加率(o/oo)
109年 5月/ 自然增加率(o/oo),雲林縣,-0.39,109年 5月,自然增加率(o/oo)
109年 5月/ 社會增加率(o/oo),雲林縣,0.14,109年 5月,社會增加率(o/oo)
109年 6月/ 人口數(人),雲林縣,679273.0,109年 6月,人口數(人)
109年 6月/ 總增加率(o/oo),雲林縣,-0.29,109年 6月,總增加率(o/oo)
109年 6月/ 自然增加率(o/oo),雲林縣,-0.31,109年 6月,自然增加率(o/oo)
109年 6月/ 社會增加率(o/oo),雲林縣,0.02,109年 6月,社會增加率(o/oo)
109年 7月/ 人口數(人),雲林縣,678896.0,109年 7月,人口數(人)
109年 7月/ 總增加率(o/oo),雲林縣,-0.56,109年 7月,總增加率(o/oo)
109年 7月/ 自然增加率(o/oo),雲林縣,-0.42,109年 7月,自然增加率(o/oo)
109年 7月/ 社會增加率(o/oo),雲林縣,-0.13,109年 7月,社會增加率(o/oo)
109年 8月/ 人口數(人),雲林縣,678589.0,109年 8月,人口數(人)
109年 8月/ 總增加率(o/oo),雲林縣,-0.45,109年 8月,總增加率(o/oo)
109年 8月/ 自然增加率(o/oo),雲林縣,-0.35,109年 8月,自然增加率(o/oo)
109年 8月/ 社會增加率(o/oo),雲林縣,-0.1,109年 8月,社會增加率(o/oo)
109年 9月/ 人口數(人),雲林縣,678064.0,109年 9月,人口數(人)
109年 9月/ 總增加率(o/oo),雲林縣,-0.77,109年 9月,總增加率(o/oo)
109年 9月/ 自然增加率(o/oo),雲林縣,-0.36,109年 9月,自然增加率(o/oo)
109年 9月/ 社會增加率(o/oo),雲林縣,-0.41,109年 9月,社會增加率(o/oo)
109年 10月/ 人口數(人),雲林縣,677669.0,109年 10月,人口數(人)
109年 10月/ 總增加率(o/oo),雲林縣,-0.58,109年 10月,總增加率(o/oo)
109年 10月/ 自然增加率(o/oo),雲林縣,-0.38,109年 10月,自然增加率(o/oo)
109年 10月/ 社會增加率(o/oo),雲林縣,-0.2,109年 10月,社會增加率(o/oo)
109年 (1~10月)/ 人口數(人),嘉義縣,500117.0,109年 (1~10月),人口數(人)
109年 (1~10月)/ 總增加率(o/oo),嘉義縣,-5.97,109年 (1~10月),總增加率(o/oo)
109年 (1~10月)/ 自然增加率(o/oo),嘉義縣,-4.25,109年 (1~10月),自然增加率(o/oo)
109年 (1~10月)/ 社會增加率(o/oo),嘉義縣,-1.72,109年 (1~10月),社會增加率(o/oo)
109年 1月/ 人口數(人),嘉義縣,502718.0,109年 1月,人口數(人)
109年 1月/ 總增加率(o/oo),嘉義縣,-0.79,109年 1月,總增加率(o/oo)
109年 1月/ 自然增加率(o/oo),嘉義縣,-0.55,109年 1月,自然增加率(o/oo)
109年 1月/ 社會增加率(o/oo),嘉義縣,-0.24,109年 1月,社會增加率(o/oo)
109年 2月/ 人口數(人),嘉義縣,502385.0,109年 2月,人口數(人)
109年 2月/ 總增加率(o/oo),嘉義縣,-0.66,109年 2月,總增加率(o/oo)
109年 2月/ 自然增加率(o/oo),嘉義縣,-0.59,109年 2月,自然增加率(o/oo)
109年 2月/ 社會增加率(o/oo),嘉義縣,-0.08,109年 2月,社會增加率(o/oo)
109年 3月/ 人口數(人),嘉義縣,502007.0,109年 3月,人口數(人)
109年 3月/ 總增加率(o/oo),嘉義縣,-0.75,109年 3月,總增加率(o/oo)
109年 3月/ 自然增加率(o/oo),嘉義縣,-0.41,109年 3月,自然增加率(o/oo)
109年 3月/ 社會增加率(o/oo),嘉義縣,-0.34,109年 3月,社會增加率(o/oo)
109年 4月/ 人口數(人),嘉義縣,501774.0,109年 4月,人口數(人)
109年 4月/ 總增加率(o/oo),嘉義縣,-0.46,109年 4月,總增加率(o/oo)
109年 4月/ 自然增加率(o/oo),嘉義縣,-0.36,109年 4月,自然增加率(o/oo)
109年 4月/ 社會增加率(o/oo),嘉義縣,-0.1,109年 4月,社會增加率(o/oo)
109年 5月/ 人口數(人),嘉義縣,501376.0,109年 5月,人口數(人)
109年 5月/ 總增加率(o/oo),嘉義縣,-0.79,109年 5月,總增加率(o/oo)
109年 5月/ 自然增加率(o/oo),嘉義縣,-0.44,109年 5月,自然增加率(o/oo)
109年 5月/ 社會增加率(o/oo),嘉義縣,-0.35,109年 5月,社會增加率(o/oo)
109年 6月/ 人口數(人),嘉義縣,501212.0,109年 6月,人口數(人)
109年 6月/ 總增加率(o/oo),嘉義縣,-0.33,109年 6月,總增加率(o/oo)
109年 6月/ 自然增加率(o/oo),嘉義縣,-0.38,109年 6月,自然增加率(o/oo)
109年 6月/ 社會增加率(o/oo),嘉義縣,0.06,109年 6月,社會增加率(o/oo)
109年 7月/ 人口數(人),嘉義縣,500897.0,109年 7月,人口數(人)
109年 7月/ 總增加率(o/oo),嘉義縣,-0.63,109年 7月,總增加率(o/oo)
109年 7月/ 自然增加率(o/oo),嘉義縣,-0.43,109年 7月,自然增加率(o/oo)
109年 7月/ 社會增加率(o/oo),嘉義縣,-0.2,109年 7月,社會增加率(o/oo)
109年 8月/ 人口數(人),嘉義縣,500654.0,109年 8月,人口數(人)
109年 8月/ 總增加率(o/oo),嘉義縣,-0.49,109年 8月,總增加率(o/oo)
109年 8月/ 自然增加率(o/oo),嘉義縣,-0.34,109年 8月,自然增加率(o/oo)
109年 8月/ 社會增加率(o/oo),嘉義縣,-0.14,109年 8月,社會增加率(o/oo)
109年 9月/ 人口數(人),嘉義縣,500316.0,109年 9月,人口數(人)
109年 9月/ 總增加率(o/oo),嘉義縣,-0.68,109年 9月,總增加率(o/oo)
109年 9月/ 自然增加率(o/oo),嘉義縣,-0.37,109年 9月,自然增加率(o/oo)
109年 9月/ 社會增加率(o/oo),嘉義縣,-0.31,109年 9月,社會增加率(o/oo)
109年 10月/ 人口數(人),嘉義縣,500117.0,109年 10月,人口數(人)
109年 10月/ 總增加率(o/oo),嘉義縣,-0.4,109年 10月,總增加率(o/oo)
109年 10月/ 自然增加率(o/oo),嘉義縣,-0.38,109年 10月,自然增加率(o/oo)
109年 10月/ 社會增加率(o/oo),嘉義縣,-0.02,109年 10月,社會增加率(o/oo)
109年 (1~10月)/ 人口數(人),屏東縣,813676.0,109年 (1~10月),人口數(人)
109年 (1~10月)/ 總增加率(o/oo),屏東縣,-6.75,109年 (1~10月),總增加率(o/oo)
109年 (1~10月)/ 自然增加率(o/oo),屏東縣,-4.14,109年 (1~10月),自然增加率(o/oo)
109年 (1~10月)/ 社會增加率(o/oo),屏東縣,-2.61,109年 (1~10月),社會增加率(o/oo)
109年 1月/ 人口數(人),屏東縣,818493.0,109年 1月,人口數(人)
109年 1月/ 總增加率(o/oo),屏東縣,-0.84,109年 1月,總增加率(o/oo)
109年 1月/ 自然增加率(o/oo),屏東縣,-0.43,109年 1月,自然增加率(o/oo)
109年 1月/ 社會增加率(o/oo),屏東縣,-0.42,109年 1月,社會增加率(o/oo)
109年 2月/ 人口數(人),屏東縣,817803.0,109年 2月,人口數(人)
109年 2月/ 總增加率(o/oo),屏東縣,-0.84,109年 2月,總增加率(o/oo)
109年 2月/ 自然增加率(o/oo),屏東縣,-0.5,109年 2月,自然增加率(o/oo)
109年 2月/ 社會增加率(o/oo),屏東縣,-0.34,109年 2月,社會增加率(o/oo)
109年 3月/ 人口數(人),屏東縣,817193.0,109年 3月,人口數(人)
109年 3月/ 總增加率(o/oo),屏東縣,-0.75,109年 3月,總增加率(o/oo)
109年 3月/ 自然增加率(o/oo),屏東縣,-0.44,109年 3月,自然增加率(o/oo)
109年 3月/ 社會增加率(o/oo),屏東縣,-0.31,109年 3月,社會增加率(o/oo)
109年 4月/ 人口數(人),屏東縣,816636.0,109年 4月,人口數(人)
109年 4月/ 總增加率(o/oo),屏東縣,-0.68,109年 4月,總增加率(o/oo)
109年 4月/ 自然增加率(o/oo),屏東縣,-0.47,109年 4月,自然增加率(o/oo)
109年 4月/ 社會增加率(o/oo),屏東縣,-0.21,109年 4月,社會增加率(o/oo)
109年 5月/ 人口數(人),屏東縣,816173.0,109年 5月,人口數(人)
109年 5月/ 總增加率(o/oo),屏東縣,-0.57,109年 5月,總增加率(o/oo)
109年 5月/ 自然增加率(o/oo),屏東縣,-0.4,109年 5月,自然增加率(o/oo)
109年 5月/ 社會增加率(o/oo),屏東縣,-0.17,109年 5月,社會增加率(o/oo)
109年 6月/ 人口數(人),屏東縣,815789.0,109年 6月,人口數(人)
109年 6月/ 總增加率(o/oo),屏東縣,-0.47,109年 6月,總增加率(o/oo)
109年 6月/ 自然增加率(o/oo),屏東縣,-0.44,109年 6月,自然增加率(o/oo)
109年 6月/ 社會增加率(o/oo),屏東縣,-0.03,109年 6月,社會增加率(o/oo)
109年 7月/ 人口數(人),屏東縣,815367.0,109年 7月,人口數(人)
109年 7月/ 總增加率(o/oo),屏東縣,-0.52,109年 7月,總增加率(o/oo)
109年 7月/ 自然增加率(o/oo),屏東縣,-0.41,109年 7月,自然增加率(o/oo)
109年 7月/ 社會增加率(o/oo),屏東縣,-0.1,109年 7月,社會增加率(o/oo)
109年 8月/ 人口數(人),屏東縣,814895.0,109年 8月,人口數(人)
109年 8月/ 總增加率(o/oo),屏東縣,-0.58,109年 8月,總增加率(o/oo)
109年 8月/ 自然增加率(o/oo),屏東縣,-0.37,109年 8月,自然增加率(o/oo)
109年 8月/ 社會增加率(o/oo),屏東縣,-0.21,109年 8月,社會增加率(o/oo)
109年 9月/ 人口數(人),屏東縣,814210.0,109年 9月,人口數(人)
109年 9月/ 總增加率(o/oo),屏東縣,-0.84,109年 9月,總增加率(o/oo)
109年 9月/ 自然增加率(o/oo),屏東縣,-0.32,109年 9月,自然增加率(o/oo)
109年 9月/ 社會增加率(o/oo),屏東縣,-0.53,109年 9月,社會增加率(o/oo)
109年 10月/ 人口數(人),屏東縣,813676.0,109年 10月,人口數(人)
109年 10月/ 總增加率(o/oo),屏東縣,-0.66,109年 10月,總增加率(o/oo)
109年 10月/ 自然增加率(o/oo),屏東縣,-0.36,109年 10月,自然增加率(o/oo)
109年 10月/ 社會增加率(o/oo),屏東縣,-0.29,109年 10月,社會增加率(o/oo)
109年 (1~10月)/ 人口數(人),臺東縣,215468.0,109年 (1~10月),人口數(人)
109年 (1~10月)/ 總增加率(o/oo),臺東縣,-6.08,109年 (1~10月),總增加率(o/oo)
109年 (1~10月)/ 自然增加率(o/oo),臺東縣,-3.7,109年 (1~10月),自然增加率(o/oo)
109年 (1~10月)/ 社會增加率(o/oo),臺東縣,-2.38,109年 (1~10月),社會增加率(o/oo)
109年 1月/ 人口數(人),臺東縣,216633.0,109年 1月,人口數(人)
109年 1月/ 總增加率(o/oo),臺東縣,-0.68,109年 1月,總增加率(o/oo)
109年 1月/ 自然增加率(o/oo),臺東縣,-0.35,109年 1月,自然增加率(o/oo)
109年 1月/ 社會增加率(o/oo),臺東縣,-0.34,109年 1月,社會增加率(o/oo)
109年 2月/ 人口數(人),臺東縣,216453.0,109年 2月,人口數(人)
109年 2月/ 總增加率(o/oo),臺東縣,-0.83,109年 2月,總增加率(o/oo)
109年 2月/ 自然增加率(o/oo),臺東縣,-0.44,109年 2月,自然增加率(o/oo)
109年 2月/ 社會增加率(o/oo),臺東縣,-0.39,109年 2月,社會增加率(o/oo)
109年 3月/ 人口數(人),臺東縣,216308.0,109年 3月,人口數(人)
109年 3月/ 總增加率(o/oo),臺東縣,-0.67,109年 3月,總增加率(o/oo)
109年 3月/ 自然增加率(o/oo),臺東縣,-0.49,109年 3月,自然增加率(o/oo)
109年 3月/ 社會增加率(o/oo),臺東縣,-0.18,109年 3月,社會增加率(o/oo)
109年 4月/ 人口數(人),臺東縣,216164.0,109年 4月,人口數(人)
109年 4月/ 總增加率(o/oo),臺東縣,-0.67,109年 4月,總增加率(o/oo)
109年 4月/ 自然增加率(o/oo),臺東縣,-0.52,109年 4月,自然增加率(o/oo)
109年 4月/ 社會增加率(o/oo),臺東縣,-0.14,109年 4月,社會增加率(o/oo)
109年 5月/ 人口數(人),臺東縣,216045.0,109年 5月,人口數(人)
109年 5月/ 總增加率(o/oo),臺東縣,-0.55,109年 5月,總增加率(o/oo)
109年 5月/ 自然增加率(o/oo),臺東縣,-0.21,109年 5月,自然增加率(o/oo)
109年 5月/ 社會增加率(o/oo),臺東縣,-0.34,109年 5月,社會增加率(o/oo)
109年 6月/ 人口數(人),臺東縣,215940.0,109年 6月,人口數(人)
109年 6月/ 總增加率(o/oo),臺東縣,-0.49,109年 6月,總增加率(o/oo)
109年 6月/ 自然增加率(o/oo),臺東縣,-0.28,109年 6月,自然增加率(o/oo)
109年 6月/ 社會增加率(o/oo),臺東縣,-0.2,109年 6月,社會增加率(o/oo)
109年 7月/ 人口數(人),臺東縣,215768.0,109年 7月,人口數(人)
109年 7月/ 總增加率(o/oo),臺東縣,-0.8,109年 7月,總增加率(o/oo)
109年 7月/ 自然增加率(o/oo),臺東縣,-0.54,109年 7月,自然增加率(o/oo)
109年 7月/ 社會增加率(o/oo),臺東縣,-0.26,109年 7月,社會增加率(o/oo)
109年 8月/ 人口數(人),臺東縣,215674.0,109年 8月,人口數(人)
109年 8月/ 總增加率(o/oo),臺東縣,-0.44,109年 8月,總增加率(o/oo)
109年 8月/ 自然增加率(o/oo),臺東縣,-0.25,109年 8月,自然增加率(o/oo)
109年 8月/ 社會增加率(o/oo),臺東縣,-0.19,109年 8月,社會增加率(o/oo)
109年 9月/ 人口數(人),臺東縣,215483.0,109年 9月,人口數(人)
109年 9月/ 總增加率(o/oo),臺東縣,-0.89,109年 9月,總增加率(o/oo)
109年 9月/ 自然增加率(o/oo),臺東縣,-0.39,109年 9月,自然增加率(o/oo)
109年 9月/ 社會增加率(o/oo),臺東縣,-0.5,109年 9月,社會增加率(o/oo)
109年 10月/ 人口數(人),臺東縣,215468.0,109年 10月,人口數(人)
109年 10月/ 總增加率(o/oo),臺東縣,-0.07,109年 10月,總增加率(o/oo)
109年 10月/ 自然增加率(o/oo),臺東縣,-0.24,109年 10月,自然增加率(o/oo)
109年 10月/ 社會增加率(o/oo),臺東縣,0.17,109年 10月,社會增加率(o/oo)
109年 (1~10月)/ 人口數(人),花蓮縣,324602.0,109年 (1~10月),人口數(人)
109年 (1~10月)/ 總增加率(o/oo),花蓮縣,-5.05,109年 (1~10月),總增加率(o/oo)
109年 (1~10月)/ 自然增加率(o/oo),花蓮縣,-2.76,109年 (1~10月),自然增加率(o/oo)
109年 (1~10月)/ 社會增加率(o/oo),花蓮縣,-2.29,109年 (1~10月),社會增加率(o/oo)
109年 1月/ 人口數(人),花蓮縣,326063.0,109年 1月,人口數(人)
109年 1月/ 總增加率(o/oo),花蓮縣,-0.56,109年 1月,總增加率(o/oo)
109年 1月/ 自然增加率(o/oo),花蓮縣,-0.4,109年 1月,自然增加率(o/oo)
109年 1月/ 社會增加率(o/oo),花蓮縣,-0.17,109年 1月,社會增加率(o/oo)
109年 2月/ 人口數(人),花蓮縣,325857.0,109年 2月,人口數(人)
109年 2月/ 總增加率(o/oo),花蓮縣,-0.63,109年 2月,總增加率(o/oo)
109年 2月/ 自然增加率(o/oo),花蓮縣,-0.39,109年 2月,自然增加率(o/oo)
109年 2月/ 社會增加率(o/oo),花蓮縣,-0.24,109年 2月,社會增加率(o/oo)
109年 3月/ 人口數(人),花蓮縣,325706.0,109年 3月,人口數(人)
109年 3月/ 總增加率(o/oo),花蓮縣,-0.46,109年 3月,總增加率(o/oo)
109年 3月/ 自然增加率(o/oo),花蓮縣,-0.27,109年 3月,自然增加率(o/oo)
109年 3月/ 社會增加率(o/oo),花蓮縣,-0.19,109年 3月,社會增加率(o/oo)
109年 4月/ 人口數(人),花蓮縣,325582.0,109年 4月,人口數(人)
109年 4月/ 總增加率(o/oo),花蓮縣,-0.38,109年 4月,總增加率(o/oo)
109年 4月/ 自然增加率(o/oo),花蓮縣,-0.32,109年 4月,自然增加率(o/oo)
109年 4月/ 社會增加率(o/oo),花蓮縣,-0.06,109年 4月,社會增加率(o/oo)
109年 5月/ 人口數(人),花蓮縣,325453.0,109年 5月,人口數(人)
109年 5月/ 總增加率(o/oo),花蓮縣,-0.4,109年 5月,總增加率(o/oo)
109年 5月/ 自然增加率(o/oo),花蓮縣,-0.29,109年 5月,自然增加率(o/oo)
109年 5月/ 社會增加率(o/oo),花蓮縣,-0.11,109年 5月,社會增加率(o/oo)
109年 6月/ 人口數(人),花蓮縣,325271.0,109年 6月,人口數(人)
109年 6月/ 總增加率(o/oo),花蓮縣,-0.56,109年 6月,總增加率(o/oo)
109年 6月/ 自然增加率(o/oo),花蓮縣,-0.27,109年 6月,自然增加率(o/oo)
109年 6月/ 社會增加率(o/oo),花蓮縣,-0.29,109年 6月,社會增加率(o/oo)
109年 7月/ 人口數(人),花蓮縣,325058.0,109年 7月,人口數(人)
109年 7月/ 總增加率(o/oo),花蓮縣,-0.66,109年 7月,總增加率(o/oo)
109年 7月/ 自然增加率(o/oo),花蓮縣,-0.21,109年 7月,自然增加率(o/oo)
109年 7月/ 社會增加率(o/oo),花蓮縣,-0.44,109年 7月,社會增加率(o/oo)
109年 8月/ 人口數(人),花蓮縣,325018.0,109年 8月,人口數(人)
109年 8月/ 總增加率(o/oo),花蓮縣,-0.12,109年 8月,總增加率(o/oo)
109年 8月/ 自然增加率(o/oo),花蓮縣,-0.13,109年 8月,自然增加率(o/oo)
109年 8月/ 社會增加率(o/oo),花蓮縣,0.0,109年 8月,社會增加率(o/oo)
109年 9月/ 人口數(人),花蓮縣,324804.0,109年 9月,人口數(人)
109年 9月/ 總增加率(o/oo),花蓮縣,-0.66,109年 9月,總增加率(o/oo)
109年 9月/ 自然增加率(o/oo),花蓮縣,-0.22,109年 9月,自然增加率(o/oo)
109年 9月/ 社會增加率(o/oo),花蓮縣,-0.44,109年 9月,社會增加率(o/oo)
109年 10月/ 人口數(人),花蓮縣,324602.0,109年 10月,人口數(人)
109年 10月/ 總增加率(o/oo),花蓮縣,-0.62,109年 10月,總增加率(o/oo)
109年 10月/ 自然增加率(o/oo),花蓮縣,-0.27,109年 10月,自然增加率(o/oo)
109年 10月/ 社會增加率(o/oo),花蓮縣,-0.35,109年 10月,社會增加率(o/oo)
109年 (1~10月)/ 人口數(人),澎湖縣,105912.0,109年 (1~10月),人口數(人)
109年 (1~10月)/ 總增加率(o/oo),澎湖縣,6.68,109年 (1~10月),總增加率(o/oo)
109年 (1~10月)/ 自然增加率(o/oo),澎湖縣,0.14,109年 (1~10月),自然增加率(o/oo)
109年 (1~10月)/ 社會增加率(o/oo),澎湖縣,6.54,109年 (1~10月),社會增加率(o/oo)
109年 1月/ 人口數(人),澎湖縣,105147.0,109年 1月,人口數(人)
109年 1月/ 總增加率(o/oo),澎湖縣,-0.57,109年 1月,總增加率(o/oo)
109年 1月/ 自然增加率(o/oo),澎湖縣,-0.09,109年 1月,自然增加率(o/oo)
109年 1月/ 社會增加率(o/oo),澎湖縣,-0.48,109年 1月,社會增加率(o/oo)
109年 2月/ 人口數(人),澎湖縣,105121.0,109年 2月,人口數(人)
109年 2月/ 總增加率(o/oo),澎湖縣,-0.25,109年 2月,總增加率(o/oo)
109年 2月/ 自然增加率(o/oo),澎湖縣,0.02,109年 2月,自然增加率(o/oo)
109年 2月/ 社會增加率(o/oo),澎湖縣,-0.27,109年 2月,社會增加率(o/oo)
109年 3月/ 人口數(人),澎湖縣,105117.0,109年 3月,人口數(人)
109年 3月/ 總增加率(o/oo),澎湖縣,-0.04,109年 3月,總增加率(o/oo)
109年 3月/ 自然增加率(o/oo),澎湖縣,0.08,109年 3月,自然增加率(o/oo)
109年 3月/ 社會增加率(o/oo),澎湖縣,-0.11,109年 3月,社會增加率(o/oo)
109年 4月/ 人口數(人),澎湖縣,105070.0,109年 4月,人口數(人)
109年 4月/ 總增加率(o/oo),澎湖縣,-0.45,109年 4月,總增加率(o/oo)
109年 4月/ 自然增加率(o/oo),澎湖縣,-0.08,109年 4月,自然增加率(o/oo)
109年 4月/ 社會增加率(o/oo),澎湖縣,-0.37,109年 4月,社會增加率(o/oo)
109年 5月/ 人口數(人),澎湖縣,105022.0,109年 5月,人口數(人)
109年 5月/ 總增加率(o/oo),澎湖縣,-0.46,109年 5月,總增加率(o/oo)
109年 5月/ 自然增加率(o/oo),澎湖縣,0.03,109年 5月,自然增加率(o/oo)
109年 5月/ 社會增加率(o/oo),澎湖縣,-0.49,109年 5月,社會增加率(o/oo)
109年 6月/ 人口數(人),澎湖縣,105028.0,109年 6月,人口數(人)
109年 6月/ 總增加率(o/oo),澎湖縣,0.06,109年 6月,總增加率(o/oo)
109年 6月/ 自然增加率(o/oo),澎湖縣,0.07,109年 6月,自然增加率(o/oo)
109年 6月/ 社會增加率(o/oo),澎湖縣,-0.01,109年 6月,社會增加率(o/oo)
109年 7月/ 人口數(人),澎湖縣,105174.0,109年 7月,人口數(人)
109年 7月/ 總增加率(o/oo),澎湖縣,1.39,109年 7月,總增加率(o/oo)
109年 7月/ 自然增加率(o/oo),澎湖縣,-0.12,109年 7月,自然增加率(o/oo)
109年 7月/ 社會增加率(o/oo),澎湖縣,1.51,109年 7月,社會增加率(o/oo)
109年 8月/ 人口數(人),澎湖縣,105277.0,109年 8月,人口數(人)
109年 8月/ 總增加率(o/oo),澎湖縣,0.98,109年 8月,總增加率(o/oo)
109年 8月/ 自然增加率(o/oo),澎湖縣,0.16,109年 8月,自然增加率(o/oo)
109年 8月/ 社會增加率(o/oo),澎湖縣,0.82,109年 8月,社會增加率(o/oo)
109年 9月/ 人口數(人),澎湖縣,105794.0,109年 9月,人口數(人)
109年 9月/ 總增加率(o/oo),澎湖縣,4.9,109年 9月,總增加率(o/oo)
109年 9月/ 自然增加率(o/oo),澎湖縣,-0.2,109年 9月,自然增加率(o/oo)
109年 9月/ 社會增加率(o/oo),澎湖縣,5.1,109年 9月,社會增加率(o/oo)
109年 10月/ 人口數(人),澎湖縣,105912.0,109年 10月,人口數(人)
109年 10月/ 總增加率(o/oo),澎湖縣,1.11,109年 10月,總增加率(o/oo)
109年 10月/ 自然增加率(o/oo),澎湖縣,0.27,109年 10月,自然增加率(o/oo)
109年 10月/ 社會增加率(o/oo),澎湖縣,0.84,109年 10月,社會增加率(o/oo)
109年 (1~10月)/ 人口數(人),基隆市,367890.0,109年 (1~10月),人口數(人)
109年 (1~10月)/ 總增加率(o/oo),基隆市,-2.72,109年 (1~10月),總增加率(o/oo)
109年 (1~10月)/ 自然增加率(o/oo),基隆市,-2.31,109年 (1~10月),自然增加率(o/oo)
109年 (1~10月)/ 社會增加率(o/oo),基隆市,-0.41,109年 (1~10月),社會增加率(o/oo)
109年 1月/ 人口數(人),基隆市,368932.0,109年 1月,人口數(人)
109年 1月/ 總增加率(o/oo),基隆市,0.11,109年 1月,總增加率(o/oo)
109年 1月/ 自然增加率(o/oo),基隆市,-0.23,109年 1月,自然增加率(o/oo)
109年 1月/ 社會增加率(o/oo),基隆市,0.33,109年 1月,社會增加率(o/oo)
109年 2月/ 人口數(人),基隆市,368870.0,109年 2月,人口數(人)
109年 2月/ 總增加率(o/oo),基隆市,-0.17,109年 2月,總增加率(o/oo)
109年 2月/ 自然增加率(o/oo),基隆市,-0.35,109年 2月,自然增加率(o/oo)
109年 2月/ 社會增加率(o/oo),基隆市,0.18,109年 2月,社會增加率(o/oo)
109年 3月/ 人口數(人),基隆市,368792.0,109年 3月,人口數(人)
109年 3月/ 總增加率(o/oo),基隆市,-0.21,109年 3月,總增加率(o/oo)
109年 3月/ 自然增加率(o/oo),基隆市,-0.37,109年 3月,自然增加率(o/oo)
109年 3月/ 社會增加率(o/oo),基隆市,0.16,109年 3月,社會增加率(o/oo)
109年 4月/ 人口數(人),基隆市,368850.0,109年 4月,人口數(人)
109年 4月/ 總增加率(o/oo),基隆市,0.16,109年 4月,總增加率(o/oo)
109年 4月/ 自然增加率(o/oo),基隆市,-0.23,109年 4月,自然增加率(o/oo)
109年 4月/ 社會增加率(o/oo),基隆市,0.39,109年 4月,社會增加率(o/oo)
109年 5月/ 人口數(人),基隆市,368686.0,109年 5月,人口數(人)
109年 5月/ 總增加率(o/oo),基隆市,-0.44,109年 5月,總增加率(o/oo)
109年 5月/ 自然增加率(o/oo),基隆市,-0.22,109年 5月,自然增加率(o/oo)
109年 5月/ 社會增加率(o/oo),基隆市,-0.23,109年 5月,社會增加率(o/oo)
109年 6月/ 人口數(人),基隆市,368528.0,109年 6月,人口數(人)
109年 6月/ 總增加率(o/oo),基隆市,-0.43,109年 6月,總增加率(o/oo)
109年 6月/ 自然增加率(o/oo),基隆市,-0.17,109年 6月,自然增加率(o/oo)
109年 6月/ 社會增加率(o/oo),基隆市,-0.26,109年 6月,社會增加率(o/oo)
109年 7月/ 人口數(人),基隆市,368372.0,109年 7月,人口數(人)
109年 7月/ 總增加率(o/oo),基隆市,-0.42,109年 7月,總增加率(o/oo)
109年 7月/ 自然增加率(o/oo),基隆市,-0.33,109年 7月,自然增加率(o/oo)
109年 7月/ 社會增加率(o/oo),基隆市,-0.09,109年 7月,社會增加率(o/oo)
109年 8月/ 人口數(人),基隆市,368184.0,109年 8月,人口數(人)
109年 8月/ 總增加率(o/oo),基隆市,-0.51,109年 8月,總增加率(o/oo)
109年 8月/ 自然增加率(o/oo),基隆市,-0.23,109年 8月,自然增加率(o/oo)
109年 8月/ 社會增加率(o/oo),基隆市,-0.28,109年 8月,社會增加率(o/oo)
109年 9月/ 人口數(人),基隆市,368020.0,109年 9月,人口數(人)
109年 9月/ 總增加率(o/oo),基隆市,-0.45,109年 9月,總增加率(o/oo)
109年 9月/ 自然增加率(o/oo),基隆市,-0.03,109年 9月,自然增加率(o/oo)
109年 9月/ 社會增加率(o/oo),基隆市,-0.42,109年 9月,社會增加率(o/oo)
109年 10月/ 人口數(人),基隆市,367890.0,109年 10月,人口數(人)
109年 10月/ 總增加率(o/oo),基隆市,-0.35,109年 10月,總增加率(o/oo)
109年 10月/ 自然增加率(o/oo),基隆市,-0.15,109年 10月,自然增加率(o/oo)
109年 10月/ 社會增加率(o/oo),基隆市,-0.21,109年 10月,社會增加率(o/oo)
109年 (1~10月)/ 人口數(人),新竹市,450793.0,109年 (1~10月),人口數(人)
109年 (1~10月)/ 總增加率(o/oo),新竹市,4.42,109年 (1~10月),總增加率(o/oo)
109年 (1~10月)/ 自然增加率(o/oo),新竹市,1.67,109年 (1~10月),自然增加率(o/oo)
109年 (1~10月)/ 社會增加率(o/oo),新竹市,2.75,109年 (1~10月),社會增加率(o/oo)
109年 1月/ 人口數(人),新竹市,449113.0,109年 1月,人口數(人)
109年 1月/ 總增加率(o/oo),新竹市,0.69,109年 1月,總增加率(o/oo)
109年 1月/ 自然增加率(o/oo),新竹市,0.17,109年 1月,自然增加率(o/oo)
109年 1月/ 社會增加率(o/oo),新竹市,0.52,109年 1月,社會增加率(o/oo)
109年 2月/ 人口數(人),新竹市,449251.0,109年 2月,人口數(人)
109年 2月/ 總增加率(o/oo),新竹市,0.31,109年 2月,總增加率(o/oo)
109年 2月/ 自然增加率(o/oo),新竹市,0.09,109年 2月,自然增加率(o/oo)
109年 2月/ 社會增加率(o/oo),新竹市,0.22,109年 2月,社會增加率(o/oo)
109年 3月/ 人口數(人),新竹市,449425.0,109年 3月,人口數(人)
109年 3月/ 總增加率(o/oo),新竹市,0.39,109年 3月,總增加率(o/oo)
109年 3月/ 自然增加率(o/oo),新竹市,0.11,109年 3月,自然增加率(o/oo)
109年 3月/ 社會增加率(o/oo),新竹市,0.28,109年 3月,社會增加率(o/oo)
109年 4月/ 人口數(人),新竹市,449593.0,109年 4月,人口數(人)
109年 4月/ 總增加率(o/oo),新竹市,0.37,109年 4月,總增加率(o/oo)
109年 4月/ 自然增加率(o/oo),新竹市,0.19,109年 4月,自然增加率(o/oo)
109年 4月/ 社會增加率(o/oo),新竹市,0.19,109年 4月,社會增加率(o/oo)
109年 5月/ 人口數(人),新竹市,449806.0,109年 5月,人口數(人)
109年 5月/ 總增加率(o/oo),新竹市,0.47,109年 5月,總增加率(o/oo)
109年 5月/ 自然增加率(o/oo),新竹市,0.13,109年 5月,自然增加率(o/oo)
109年 5月/ 社會增加率(o/oo),新竹市,0.34,109年 5月,社會增加率(o/oo)
109年 6月/ 人口數(人),新竹市,450021.0,109年 6月,人口數(人)
109年 6月/ 總增加率(o/oo),新竹市,0.48,109年 6月,總增加率(o/oo)
109年 6月/ 自然增加率(o/oo),新竹市,0.32,109年 6月,自然增加率(o/oo)
109年 6月/ 社會增加率(o/oo),新竹市,0.16,109年 6月,社會增加率(o/oo)
109年 7月/ 人口數(人),新竹市,450113.0,109年 7月,人口數(人)
109年 7月/ 總增加率(o/oo),新竹市,0.2,109年 7月,總增加率(o/oo)
109年 7月/ 自然增加率(o/oo),新竹市,0.13,109年 7月,自然增加率(o/oo)
109年 7月/ 社會增加率(o/oo),新竹市,0.08,109年 7月,社會增加率(o/oo)
109年 8月/ 人口數(人),新竹市,450288.0,109年 8月,人口數(人)
109年 8月/ 總增加率(o/oo),新竹市,0.39,109年 8月,總增加率(o/oo)
109年 8月/ 自然增加率(o/oo),新竹市,0.18,109年 8月,自然增加率(o/oo)
109年 8月/ 社會增加率(o/oo),新竹市,0.21,109年 8月,社會增加率(o/oo)
109年 9月/ 人口數(人),新竹市,450617.0,109年 9月,人口數(人)
109年 9月/ 總增加率(o/oo),新竹市,0.73,109年 9月,總增加率(o/oo)
109年 9月/ 自然增加率(o/oo),新竹市,0.16,109年 9月,自然增加率(o/oo)
109年 9月/ 社會增加率(o/oo),新竹市,0.57,109年 9月,社會增加率(o/oo)
109年 10月/ 人口數(人),新竹市,450793.0,109年 10月,人口數(人)
109年 10月/ 總增加率(o/oo),新竹市,0.39,109年 10月,總增加率(o/oo)
109年 10月/ 自然增加率(o/oo),新竹市,0.2,109年 10月,自然增加率(o/oo)
109年 10月/ 社會增加率(o/oo),新竹市,0.19,109年 10月,社會增加率(o/oo)
109年 (1~10月)/ 人口數(人),嘉義市,266251.0,109年 (1~10月),人口數(人)
109年 (1~10月)/ 總增加率(o/oo),嘉義市,-5.39,109年 (1~10月),總增加率(o/oo)
109年 (1~10月)/ 自然增加率(o/oo),嘉義市,-2.19,109年 (1~10月),自然增加率(o/oo)
109年 (1~10月)/ 社會增加率(o/oo),嘉義市,-3.2,109年 (1~10月),社會增加率(o/oo)
109年 1月/ 人口數(人),嘉義市,267653.0,109年 1月,人口數(人)
109年 1月/ 總增加率(o/oo),嘉義市,-0.14,109年 1月,總增加率(o/oo)
109年 1月/ 自然增加率(o/oo),嘉義市,-0.22,109年 1月,自然增加率(o/oo)
109年 1月/ 社會增加率(o/oo),嘉義市,0.08,109年 1月,社會增加率(o/oo)
109年 2月/ 人口數(人),嘉義市,267598.0,109年 2月,人口數(人)
109年 2月/ 總增加率(o/oo),嘉義市,-0.21,109年 2月,總增加率(o/oo)
109年 2月/ 自然增加率(o/oo),嘉義市,-0.3,109年 2月,自然增加率(o/oo)
109年 2月/ 社會增加率(o/oo),嘉義市,0.1,109年 2月,社會增加率(o/oo)
109年 3月/ 人口數(人),嘉義市,267472.0,109年 3月,人口數(人)
109年 3月/ 總增加率(o/oo),嘉義市,-0.47,109年 3月,總增加率(o/oo)
109年 3月/ 自然增加率(o/oo),嘉義市,-0.34,109年 3月,自然增加率(o/oo)
109年 3月/ 社會增加率(o/oo),嘉義市,-0.13,109年 3月,社會增加率(o/oo)
109年 4月/ 人口數(人),嘉義市,267432.0,109年 4月,人口數(人)
109年 4月/ 總增加率(o/oo),嘉義市,-0.15,109年 4月,總增加率(o/oo)
109年 4月/ 自然增加率(o/oo),嘉義市,-0.22,109年 4月,自然增加率(o/oo)
109年 4月/ 社會增加率(o/oo),嘉義市,0.07,109年 4月,社會增加率(o/oo)
109年 5月/ 人口數(人),嘉義市,267203.0,109年 5月,人口數(人)
109年 5月/ 總增加率(o/oo),嘉義市,-0.86,109年 5月,總增加率(o/oo)
109年 5月/ 自然增加率(o/oo),嘉義市,-0.25,109年 5月,自然增加率(o/oo)
109年 5月/ 社會增加率(o/oo),嘉義市,-0.61,109年 5月,社會增加率(o/oo)
109年 6月/ 人口數(人),嘉義市,267034.0,109年 6月,人口數(人)
109年 6月/ 總增加率(o/oo),嘉義市,-0.63,109年 6月,總增加率(o/oo)
109年 6月/ 自然增加率(o/oo),嘉義市,-0.2,109年 6月,自然增加率(o/oo)
109年 6月/ 社會增加率(o/oo),嘉義市,-0.43,109年 6月,社會增加率(o/oo)
109年 7月/ 人口數(人),嘉義市,266833.0,109年 7月,人口數(人)
109年 7月/ 總增加率(o/oo),嘉義市,-0.75,109年 7月,總增加率(o/oo)
109年 7月/ 自然增加率(o/oo),嘉義市,-0.32,109年 7月,自然增加率(o/oo)
109年 7月/ 社會增加率(o/oo),嘉義市,-0.43,109年 7月,社會增加率(o/oo)
109年 8月/ 人口數(人),嘉義市,266668.0,109年 8月,人口數(人)
109年 8月/ 總增加率(o/oo),嘉義市,-0.62,109年 8月,總增加率(o/oo)
109年 8月/ 自然增加率(o/oo),嘉義市,-0.07,109年 8月,自然增加率(o/oo)
109年 8月/ 社會增加率(o/oo),嘉義市,-0.54,109年 8月,社會增加率(o/oo)
109年 9月/ 人口數(人),嘉義市,266442.0,109年 9月,人口數(人)
109年 9月/ 總增加率(o/oo),嘉義市,-0.85,109年 9月,總增加率(o/oo)
109年 9月/ 自然增加率(o/oo),嘉義市,-0.12,109年 9月,自然增加率(o/oo)
109年 9月/ 社會增加率(o/oo),嘉義市,-0.72,109年 9月,社會增加率(o/oo)
109年 10月/ 人口數(人),嘉義市,266251.0,109年 10月,人口數(人)
109年 10月/ 總增加率(o/oo),嘉義市,-0.72,109年 10月,總增加率(o/oo)
109年 10月/ 自然增加率(o/oo),嘉義市,-0.15,109年 10月,自然增加率(o/oo)
109年 10月/ 社會增加率(o/oo),嘉義市,-0.57,109年 10月,社會增加率(o/oo)
109年 (1~10月)/ 人口數(人),金門縣,140420.0,109年 (1~10月),人口數(人)
109年 (1~10月)/ 總增加率(o/oo),金門縣,1.67,109年 (1~10月),總增加率(o/oo)
109年 (1~10月)/ 自然增加率(o/oo),金門縣,1.4,109年 (1~10月),自然增加率(o/oo)
109年 (1~10月)/ 社會增加率(o/oo),金門縣,0.28,109年 (1~10月),社會增加率(o/oo)
109年 1月/ 人口數(人),金門縣,140253.0,109年 1月,人口數(人)
109年 1月/ 總增加率(o/oo),金門縣,0.48,109年 1月,總增加率(o/oo)
109年 1月/ 自然增加率(o/oo),金門縣,0.01,109年 1月,自然增加率(o/oo)
109年 1月/ 社會增加率(o/oo),金門縣,0.48,109年 1月,社會增加率(o/oo)
109年 2月/ 人口數(人),金門縣,140081.0,109年 2月,人口數(人)
109年 2月/ 總增加率(o/oo),金門縣,-1.23,109年 2月,總增加率(o/oo)
109年 2月/ 自然增加率(o/oo),金門縣,0.05,109年 2月,自然增加率(o/oo)
109年 2月/ 社會增加率(o/oo),金門縣,-1.28,109年 2月,社會增加率(o/oo)
109年 3月/ 人口數(人),金門縣,139951.0,109年 3月,人口數(人)
109年 3月/ 總增加率(o/oo),金門縣,-0.93,109年 3月,總增加率(o/oo)
109年 3月/ 自然增加率(o/oo),金門縣,0.14,109年 3月,自然增加率(o/oo)
109年 3月/ 社會增加率(o/oo),金門縣,-1.07,109年 3月,社會增加率(o/oo)
109年 4月/ 人口數(人),金門縣,139804.0,109年 4月,人口數(人)
109年 4月/ 總增加率(o/oo),金門縣,-1.05,109年 4月,總增加率(o/oo)
109年 4月/ 自然增加率(o/oo),金門縣,0.1,109年 4月,自然增加率(o/oo)
109年 4月/ 社會增加率(o/oo),金門縣,-1.15,109年 4月,社會增加率(o/oo)
109年 5月/ 人口數(人),金門縣,139683.0,109年 5月,人口數(人)
109年 5月/ 總增加率(o/oo),金門縣,-0.87,109年 5月,總增加率(o/oo)
109年 5月/ 自然增加率(o/oo),金門縣,0.04,109年 5月,自然增加率(o/oo)
109年 5月/ 社會增加率(o/oo),金門縣,-0.9,109年 5月,社會增加率(o/oo)
109年 6月/ 人口數(人),金門縣,139588.0,109年 6月,人口數(人)
109年 6月/ 總增加率(o/oo),金門縣,-0.68,109年 6月,總增加率(o/oo)
109年 6月/ 自然增加率(o/oo),金門縣,0.27,109年 6月,自然增加率(o/oo)
109年 6月/ 社會增加率(o/oo),金門縣,-0.95,109年 6月,社會增加率(o/oo)
109年 7月/ 人口數(人),金門縣,139628.0,109年 7月,人口數(人)
109年 7月/ 總增加率(o/oo),金門縣,0.29,109年 7月,總增加率(o/oo)
109年 7月/ 自然增加率(o/oo),金門縣,0.19,109年 7月,自然增加率(o/oo)
109年 7月/ 社會增加率(o/oo),金門縣,0.1,109年 7月,社會增加率(o/oo)
109年 8月/ 人口數(人),金門縣,139703.0,109年 8月,人口數(人)
109年 8月/ 總增加率(o/oo),金門縣,0.54,109年 8月,總增加率(o/oo)
109年 8月/ 自然增加率(o/oo),金門縣,0.09,109年 8月,自然增加率(o/oo)
109年 8月/ 社會增加率(o/oo),金門縣,0.45,109年 8月,社會增加率(o/oo)
109年 9月/ 人口數(人),金門縣,140329.0,109年 9月,人口數(人)
109年 9月/ 總增加率(o/oo),金門縣,4.47,109年 9月,總增加率(o/oo)
109年 9月/ 自然增加率(o/oo),金門縣,0.18,109年 9月,自然增加率(o/oo)
109年 9月/ 社會增加率(o/oo),金門縣,4.29,109年 9月,社會增加率(o/oo)
109年 10月/ 人口數(人),金門縣,140420.0,109年 10月,人口數(人)
109年 10月/ 總增加率(o/oo),金門縣,0.65,109年 10月,總增加率(o/oo)
109年 10月/ 自然增加率(o/oo),金門縣,0.34,109年 10月,自然增加率(o/oo)
109年 10月/ 社會增加率(o/oo),金門縣,0.31,109年 10月,社會增加率(o/oo)
109年 (1~10月)/ 人口數(人),連江縣,13149.0,109年 (1~10月),人口數(人)
109年 (1~10月)/ 總增加率(o/oo),連江縣,4.57,109年 (1~10月),總增加率(o/oo)
109年 (1~10月)/ 自然增加率(o/oo),連江縣,2.74,109年 (1~10月),自然增加率(o/oo)
109年 (1~10月)/ 社會增加率(o/oo),連江縣,1.83,109年 (1~10月),社會增加率(o/oo)
109年 1月/ 人口數(人),連江縣,13080.0,109年 1月,人口數(人)
109年 1月/ 總增加率(o/oo),連江縣,-0.69,109年 1月,總增加率(o/oo)
109年 1月/ 自然增加率(o/oo),連江縣,0.08,109年 1月,自然增加率(o/oo)
109年 1月/ 社會增加率(o/oo),連江縣,-0.76,109年 1月,社會增加率(o/oo)
109年 2月/ 人口數(人),連江縣,13059.0,109年 2月,人口數(人)
109年 2月/ 總增加率(o/oo),連江縣,-1.61,109年 2月,總增加率(o/oo)
109年 2月/ 自然增加率(o/oo),連江縣,0.38,109年 2月,自然增加率(o/oo)
109年 2月/ 社會增加率(o/oo),連江縣,-1.99,109年 2月,社會增加率(o/oo)
109年 3月/ 人口數(人),連江縣,13034.0,109年 3月,人口數(人)
109年 3月/ 總增加率(o/oo),連江縣,-1.92,109年 3月,總增加率(o/oo)
109年 3月/ 自然增加率(o/oo),連江縣,0.23,109年 3月,自然增加率(o/oo)
109年 3月/ 社會增加率(o/oo),連江縣,-2.15,109年 3月,社會增加率(o/oo)
109年 4月/ 人口數(人),連江縣,13045.0,109年 4月,人口數(人)
109年 4月/ 總增加率(o/oo),連江縣,0.84,109年 4月,總增加率(o/oo)
109年 4月/ 自然增加率(o/oo),連江縣,0.31,109年 4月,自然增加率(o/oo)
109年 4月/ 社會增加率(o/oo),連江縣,0.54,109年 4月,社會增加率(o/oo)
109年 5月/ 人口數(人),連江縣,13036.0,109年 5月,人口數(人)
109年 5月/ 總增加率(o/oo),連江縣,-0.69,109年 5月,總增加率(o/oo)
109年 5月/ 自然增加率(o/oo),連江縣,0.23,109年 5月,自然增加率(o/oo)
109年 5月/ 社會增加率(o/oo),連江縣,-0.92,109年 5月,社會增加率(o/oo)
109年 6月/ 人口數(人),連江縣,13049.0,109年 6月,人口數(人)
109年 6月/ 總增加率(o/oo),連江縣,1.0,109年 6月,總增加率(o/oo)
109年 6月/ 自然增加率(o/oo),連江縣,0.31,109年 6月,自然增加率(o/oo)
109年 6月/ 社會增加率(o/oo),連江縣,0.69,109年 6月,社會增加率(o/oo)
109年 7月/ 人口數(人),連江縣,13123.0,109年 7月,人口數(人)
109年 7月/ 總增加率(o/oo),連江縣,5.65,109年 7月,總增加率(o/oo)
109年 7月/ 自然增加率(o/oo),連江縣,0.38,109年 7月,自然增加率(o/oo)
109年 7月/ 社會增加率(o/oo),連江縣,5.27,109年 7月,社會增加率(o/oo)
109年 8月/ 人口數(人),連江縣,13089.0,109年 8月,人口數(人)
109年 8月/ 總增加率(o/oo),連江縣,-2.59,109年 8月,總增加率(o/oo)
109年 8月/ 自然增加率(o/oo),連江縣,0.31,109年 8月,自然增加率(o/oo)
109年 8月/ 社會增加率(o/oo),連江縣,-2.9,109年 8月,社會增加率(o/oo)
109年 9月/ 人口數(人),連江縣,13132.0,109年 9月,人口數(人)
109年 9月/ 總增加率(o/oo),連江縣,3.28,109年 9月,總增加率(o/oo)
109年 9月/ 自然增加率(o/oo),連江縣,0.15,109年 9月,自然增加率(o/oo)
109年 9月/ 社會增加率(o/oo),連江縣,3.13,109年 9月,社會增加率(o/oo)
109年 10月/ 人口數(人),連江縣,13149.0,109年 10月,人口數(人)
109年 10月/ 總增加率(o/oo),連江縣,1.29,109年 10月,總增加率(o/oo)
109年 10月/ 自然增加率(o/oo),連江縣,0.38,109年 10月,自然增加率(o/oo)
109年 10月/ 社會增加率(o/oo),連江縣,0.91,109年 10月,社會增加率(o/oo)
